country,year,iso_code,population,gdp,energy_per_capita,per_capita_electricity,primary_energy_consumption,renewables_share_elec,solar_share_elec,wind_share_elec,hydro_share_elec,low_carbon_share_elec,fossil_share_elec,carbon_intensity_elec,greenhouse_gas_emissions,gdp_per_capita,ghg_per_capita
Argentina,2000,ARG,37213986.0,536480965694.0,18907.803,2391.037,703.635,32.592,0.0,0.034,32.12,39.537,60.463,355.47,31.63,14416.111343031085,0.8499492636988685
Argentina,2001,ARG,37624817.0,514867255248.0,18268.281,2395.759,687.341,41.036,0.0,0.055,40.581,48.868,51.132,302.09,27.23,13684.2460987385,0.7237244502744027
Argentina,2002,ARG,38029345.0,460558541367.0,17306.4,2224.335,658.151,43.007,0.0,0.083,42.298,49.888,50.112,294.83,24.94,12110.609356195853,0.6558093493327324
Argentina,2003,ARG,38424283.0,503104157615.0,18341.469,2396.141,704.758,37.754,0.0,0.087,36.711,45.976,54.024,316.39,29.13,13093.390906344302,0.7581143413918745
Argentina,2004,ARG,38815915.0,550306327169.0,19351.779,2582.961,751.157,31.319,0.0,0.07,30.381,39.168,60.832,357.67,35.86,14177.337495947217,0.9238478598275991
Argentina,2005,ARG,39216786.0,601050418142.0,20306.785,2696.549,796.367,33.296,0.0,0.066,32.359,39.792,60.208,357.16,37.77,15326.35586562346,0.9631079915625927
Argentina,2006,ARG,39622113.0,652296814311.0,21100.816,2862.795,836.059,34.506,0.0,0.062,33.518,41.312,58.688,349.91,39.69,16462.94871530451,1.0017133614252223
Argentina,2007,ARG,40016767.0,714725198062.0,21717.797,2836.811,869.076,28.497,0.0,0.053,27.502,34.884,65.116,388.04,44.05,17860.643216429755,1.1007885769482575
Argentina,2008,ARG,40424151.0,747157417513.0,21746.203,3015.771,879.072,26.618,0.0,0.033,25.593,32.68,67.32,400.62,48.84,18482.946432517532,1.2081886395090895
Argentina,2009,ARG,40854832.0,705920838368.0,20858.098,2994.015,852.154,29.308,0.0,0.033,28.303,35.996,64.004,382.36,46.77,17278.76003425984,1.1447850281210312
Argentina,2010,ARG,41288694.0,785785170150.0,21368.264,3051.683,882.268,27.595,0.0,0.024,26.476,33.317,66.683,401.59,50.6,19031.485232979274,1.225517087074733
Argentina,2011,ARG,41730655.0,837742673804.0,21743.625,3102.995,907.376,25.183,0.0,0.023,24.087,30.126,69.874,419.88,54.37,20074.994600587986,1.302879142443367
Argentina,2012,ARG,42161718.0,829147409948.0,22393.107,3226.149,944.132,22.783,0.007,0.272,21.438,27.489,72.511,432.14,58.78,19665.88292127944,1.3941557125352435
Argentina,2013,ARG,42582453.0,849088398588.0,23705.746,3274.823,1009.449,24.934,0.014,0.323,23.499,29.387,70.613,422.23,58.88,19939.865807824644,1.382729172506807
Argentina,2014,ARG,43024071.0,827750786191.0,23080.285,3220.058,993.008,24.931,0.014,0.448,23.401,28.909,71.091,424.14,58.76,19239.24833126554,1.365747095387603
Argentina,2015,ARG,43477011.0,850356641236.0,23230.486,3344.756,1009.992,23.676,0.007,0.406,22.239,28.517,71.483,426.56,62.03,19558.765004245575,1.4267310142364662
Argentina,2016,ARG,43900312.0,832669278245.0,22909.215,3352.596,1005.722,21.396,0.007,0.374,20.213,27.021,72.979,431.92,63.57,18967.27472563293,1.4480534899159714
Argentina,2017,ARG,44288898.0,856142153676.0,22511.016,3287.731,996.988,23.13,0.014,0.419,21.695,27.313,72.687,425.38,61.94,19330.852478560202,1.3985446194664857
Argentina,2018,ARG,44654876.0,833736983405.0,22081.684,3286.987,986.055,23.995,0.075,0.961,21.992,28.676,71.324,414.29,60.81,18670.681862491343,1.361777379025753
Argentina,2019,ARG,44973469.0,817053926667.0,20582.312,3102.496,925.658,24.927,0.573,3.583,19.709,30.975,69.025,397.62,55.48,18167.465059611033,1.2336162015876515
Argentina,2020,ARG,45191960.0,735814250460.0,19117.824,3200.569,863.972,25.318,0.926,6.506,16.365,32.239,67.761,394.7,57.09,16281.97251148213,1.2632778042820008
Argentina,2021,ARG,45312282.0,812324184006.0,20925.615,3379.878,948.187,24.185,1.437,8.449,12.831,30.826,69.174,406.99,62.33,17927.240654222624,1.3755652385814512
Argentina,2022,ARG,45407904.0,854914363923.0,22049.938,3206.71,1001.241,29.03,2.019,9.725,15.638,34.16,65.84,392.69,57.18,18827.43506335373,1.2592521337254412
Bolivia,2000,BOL,8606330.0,34126236477.0,4613.099,450.831,39.702,51.546,0.0,0.0,50.258,51.546,48.454,368.56,1.43,3965.2484249383883,0.16615677065601714
Bolivia,2001,BOL,8752740.0,34794954024.0,3773.15,452.43,33.025,54.545,0.0,0.0,53.283,54.545,45.455,345.96,1.37,3975.3213306918747,0.156522414695284
Bolivia,2002,BOL,8900358.0,35770128530.0,4085.756,467.397,36.365,53.606,0.0,0.0,52.404,53.606,46.394,350.96,1.46,4018.9539038766757,0.16403834542385823
Bolivia,2003,BOL,9050703.0,36849589696.0,5615.732,478.416,50.826,46.651,0.0,0.0,45.497,46.651,53.349,404.16,1.75,4071.4615976239634,0.19335514600357565
Bolivia,2004,BOL,9204297.0,38518211935.0,5715.799,492.161,52.61,48.344,0.0,0.0,47.02,48.344,51.656,390.73,1.77,4184.807588781631,0.19230148701199015
Bolivia,2005,BOL,9360758.0,40366066215.0,5535.625,522.394,51.818,40.9,0.0,0.0,39.673,40.9,59.1,443.76,2.17,4312.264692132838,0.23181883347481047
Bolivia,2006,BOL,9521685.0,42467223163.0,5990.768,525.117,57.042,43.6,0.0,0.0,42.8,43.6,56.4,424.0,2.12,4460.053358517951,0.2226496675745942
Bolivia,2007,BOL,9685960.0,44577390720.0,6331.773,561.638,61.329,43.199,0.0,0.0,42.279,43.199,56.801,424.63,2.31,4602.268718846661,0.23848952504449739
Bolivia,2008,BOL,9850859.0,47500614555.0,6400.373,600.963,63.049,39.696,0.0,0.0,38.682,39.696,60.304,451.01,2.67,4821.97690120222,0.27104235275319644
Bolivia,2009,BOL,10016279.0,49290119749.0,6203.996,619.991,62.141,37.842,0.0,0.0,36.554,37.842,62.158,465.38,2.89,4921.001077246351,0.28853030152215214
Bolivia,2010,BOL,10182345.0,51541502268.0,6230.567,653.091,63.442,33.684,0.0,0.0,32.481,33.684,66.316,494.74,3.29,5061.84992435436,0.32310828203130026
Bolivia,2011,BOL,10348931.0,54437027542.0,6331.921,685.095,65.529,33.992,0.0,0.0,32.722,33.992,66.008,493.65,3.5,5260.159483332143,0.3381991821184236
Bolivia,2012,BOL,10515814.0,57225289193.0,7473.803,704.653,78.593,32.524,0.0,0.0,31.444,32.524,67.476,504.72,3.74,5441.831625492805,0.3556548261504055
Bolivia,2013,BOL,10682612.0,61114326124.0,7439.076,731.095,79.469,33.803,0.0,0.0,32.138,33.803,66.197,495.52,3.87,5720.916019789916,0.3622709502132999
Bolivia,2014,BOL,10848889.0,64451770571.0,7439.606,765.055,80.711,28.675,0.12,0.12,26.867,28.675,71.325,530.12,4.4,5940.8636747043865,0.4055714829417095
Bolivia,2015,BOL,11014707.0,67582198248.0,7687.697,817.089,84.678,29.444,0.0,0.111,27.111,29.444,70.556,526.67,4.74,6135.632863225504,0.43033373470578934
Bolivia,2016,BOL,11180020.0,70463901130.0,7971.473,831.841,89.121,20.753,0.108,0.43,18.28,20.753,79.247,588.17,5.47,6302.663244788471,0.4892656721544326
Bolivia,2017,BOL,11344591.0,73419862854.0,8260.953,845.337,93.717,25.13,0.104,0.626,23.045,25.13,74.87,554.75,5.32,6471.794607139209,0.4689459496600627
Bolivia,2018,BOL,11508370.0,76521114837.0,8327.178,872.409,95.832,29.582,1.295,0.598,25.996,29.582,70.418,523.9,5.26,6649.170546046052,0.45705864514262223
Bolivia,2019,BOL,11671386.0,78217588630.0,8193.27,888.498,95.627,36.162,1.832,0.675,31.34,36.162,63.838,478.3,4.96,6701.653825004159,0.42497095032243815
Bolivia,2020,BOL,11816301.0,71382934039.0,6695.948,869.138,79.121,35.638,3.213,0.584,28.627,35.638,64.362,483.93,4.97,6041.055829485048,0.42060539927004226
Bolivia,2021,BOL,11937369.0,75741579784.0,7936.341,910.586,94.739,38.454,3.22,1.196,29.807,38.454,61.546,467.34,5.08,6344.914007768379,0.4255544081782175
Bolivia,2022,BOL,12077156.0,78165311428.0,8554.576,966.287,103.315,35.733,2.999,3.77,24.422,35.733,64.267,485.86,5.67,6472.162107370312,0.46948139114871085
Brazil,2000,BRA,174018278.0,1739728033832.0,13586.246,2005.134,2364.255,89.491,0.0,0.0,87.238,91.225,8.775,89.45,31.21,9997.386790782977,0.17934897620352272
Brazil,2001,BRA,176301201.0,1785513006345.0,13068.835,1863.572,2304.051,84.289,0.0,0.009,81.534,88.635,11.365,105.74,34.74,10127.628151239876,0.1970491397843626
Brazil,2002,BRA,178503485.0,1861742323845.0,13173.609,1936.769,2351.535,85.74,0.0,0.017,82.752,89.743,10.257,97.3,33.64,10429.725357154792,0.1884557043802254
Brazil,2003,BRA,180622688.0,1904932706436.0,13211.707,2017.41,2386.334,87.165,0.0,0.016,83.872,90.831,9.169,90.67,33.04,10546.47523812734,0.18292275663619845
Brazil,2004,BRA,182675144.0,2038447931287.0,13703.958,2121.197,2503.373,86.036,0.0,0.015,82.789,89.032,10.968,101.78,39.44,11158.868615902118,0.2159023889971588
Brazil,2005,BRA,184688101.0,2129214530430.0,13910.277,2182.436,2569.063,87.129,0.0,0.022,83.722,89.573,10.427,98.89,39.86,11528.704442253158,0.21582332475225352
Brazil,2006,BRA,186653099.0,2240805319046.0,14152.363,2247.217,2641.583,86.754,0.0,0.057,83.157,90.032,9.968,95.96,40.25,12005.186793314371,0.21564067361131786
Brazil,2007,BRA,188552311.0,2405626901513.0,14905.908,2360.883,2810.543,88.226,0.0,0.148,84.021,91.001,8.999,90.91,40.47,12758.405817221726,0.21463539632775966
Brazil,2008,BRA,190367297.0,2559842659987.0,15424.676,2433.086,2936.354,84.315,0.0,0.255,79.788,87.331,12.669,113.63,52.63,13446.861411217074,0.27646555279922896
Brazil,2009,BRA,192079958.0,2589568436235.0,15230.74,2426.958,2925.52,89.047,0.0,0.266,83.873,91.827,8.173,87.37,40.73,13481.721170696008,0.21204711008943472
Brazil,2010,BRA,193701931.0,2820492538862.0,16462.07,2662.854,3188.735,84.802,0.0,0.423,78.187,87.617,12.383,114.15,58.88,14560.993400019332,0.3039721891053322
Brazil,2011,BRA,195284736.0,2968455007203.0,16981.988,2722.998,3316.323,87.193,0.0,0.508,80.549,90.138,9.862,99.76,53.05,15200.65043487577,0.27165461616006686
Brazil,2012,BRA,196876113.0,3025484250011.0,17312.078,2806.333,3408.335,82.563,0.0,0.914,75.175,85.466,14.534,128.34,70.91,15367.452170345317,0.360175741584252
Brazil,2013,BRA,198478290.0,3116394665745.0,17638.982,2876.032,3500.955,76.825,0.0,1.153,68.495,79.532,20.468,167.84,95.81,15701.438508690295,0.48272282071757067
Brazil,2014,BRA,200085126.0,3132099937531.0,17870.57,2951.494,3575.635,73.279,0.003,2.068,63.236,75.883,24.117,192.94,113.94,15653.836945036084,0.5694576217524535
Brazil,2015,BRA,201675534.0,3021043246476.0,17530.328,2881.956,3535.438,74.208,0.01,3.721,61.894,76.742,23.258,188.64,109.64,14979.721072542196,0.5436455172594212
Brazil,2016,BRA,203218108.0,2922076150345.0,16983.99,2848.614,3451.454,80.468,0.016,5.785,65.8,83.208,16.792,149.65,86.63,14379.01464147575,0.4262907516095957
Brazil,2017,BRA,204703440.0,2960731613785.0,16988.619,2878.896,3477.629,79.247,0.141,7.19,62.939,81.918,18.082,155.88,91.86,14463.516655044976,0.44874673332309417
Brazil,2018,BRA,206107265.0,3013541086239.0,16915.357,2917.85,3486.378,82.358,0.575,8.061,64.678,84.963,15.037,136.95,82.36,14621.226894835561,0.3995977531408221
Brazil,2019,BRA,207455459.0,3050327159562.0,17194.145,3052.848,3567.019,81.386,1.05,8.841,62.823,83.933,16.067,141.93,89.89,14703.528045323696,0.43329782900530955
Brazil,2020,BRA,208660845.0,2950377451264.0,16401.875,3013.311,3422.429,83.167,1.71,9.073,63.042,85.401,14.599,133.36,83.85,14139.583548911633,0.40184827201289247
Brazil,2021,BRA,209550291.0,3097565215045.0,17089.926,3132.422,3581.199,77.372,2.552,11.013,55.274,79.612,20.388,168.07,110.32,14781.965705048819,0.5264607339533591
Brazil,2022,BRA,210306411.0,3187412907763.0,17744.193,3219.873,3731.718,87.703,4.449,12.055,63.074,89.853,10.147,103.39,70.01,15156.042521989499,0.3328952249582159
Chile,2000,CHL,15503638.0,233340518904.0,19827.041,2652.281,307.391,49.83,0.0,0.0,47.544,49.83,50.17,388.13,15.96,15050.69448241761,1.0294358008101065
Chile,2001,CHL,15683852.0,239642803054.0,19978.824,2698.317,313.345,54.041,0.0,0.024,49.126,54.041,45.959,336.48,14.24,15279.588397926735,0.9079402177475279
Chile,2002,CHL,15857926.0,243288829547.0,20229.719,2739.324,320.801,55.226,0.0,0.023,50.737,55.226,44.774,330.11,14.34,15341.78110977438,0.9042796643142363
Chile,2003,CHL,16024755.0,250723122339.0,20124.473,2909.873,322.49,49.925,0.0,0.021,46.022,49.925,50.075,355.35,16.57,15645.98786933092,1.0340251691835538
Chile,2004,CHL,16187324.0,264146071325.0,21269.668,3150.614,344.299,46.667,0.0,0.02,42.667,46.667,53.333,391.77,19.98,16318.081439835269,1.2342991343102787
Chile,2005,CHL,16348780.0,278000705012.0,21856.49,3194.122,357.327,53.658,0.0,0.019,50.211,53.658,46.342,347.57,18.15,17004.370051587946,1.1101745818342408
Chile,2006,CHL,16509195.0,293258343549.0,22392.51,3333.9,369.682,55.015,0.0,0.018,52.398,55.015,44.985,355.38,19.56,17763.333920824123,1.1847942919082366
Chile,2007,CHL,16671571.0,305709457316.0,22151.396,3495.771,369.299,43.943,0.0,0.017,39.293,43.943,56.057,456.93,26.63,18337.171542861797,1.597329969683121
Chile,2008,CHL,16838987.0,314032357531.0,21931.584,3531.091,369.306,45.526,0.0,0.067,40.279,45.526,54.474,454.42,27.02,18649.124055443477,1.6046095884508966
Chile,2009,CHL,17009730.0,306660166266.0,20833.512,3549.145,354.372,48.683,0.0,0.133,41.478,48.683,51.317,435.98,26.32,18028.514636387525,1.547349663986436
Chile,2010,CHL,17181463.0,321457401232.0,21182.576,3506.686,363.948,40.199,0.0,0.548,35.917,40.199,59.801,481.66,29.02,18709.54768124228,1.6890296245436143
Chile,2011,CHL,17351810.0,338708860136.0,22228.908,3783.467,385.712,39.528,0.0,0.518,31.896,39.528,60.472,493.07,32.37,19520.088113920105,1.8655114365590677
Chile,2012,CHL,17519116.0,359556383692.0,22988.977,3971.091,402.747,36.28,0.0,0.589,28.719,36.28,63.72,531.41,36.97,20523.6601944984,2.1102662942582264
Chile,2013,CHL,17687006.0,371454072393.0,23393.406,4118.277,413.759,35.695,0.014,0.755,27.018,35.695,64.305,551.76,40.19,21001.523513533044,2.2722896119331897
Chile,2014,CHL,17864192.0,378114271615.0,22924.852,3927.969,409.534,42.839,0.684,2.052,32.507,42.839,57.161,493.66,34.64,21166.043872289327,1.939074546444642
Chile,2015,CHL,18047630.0,386251266445.0,22952.033,4150.684,414.23,43.199,1.655,2.817,31.237,43.199,56.801,491.39,36.81,21401.772224109205,2.0396029838820944
Chile,2016,CHL,18267225.0,393022253885.0,23753.109,4315.379,433.903,42.89,3.286,3.108,28.936,42.89,57.11,496.39,39.13,21515.1591927619,2.1420878102722227
Chile,2017,CHL,18558868.0,398359518680.0,24265.859,4252.954,450.347,43.545,4.865,4.46,26.466,43.545,56.455,487.27,38.46,21464.645294098755,2.0723246698020588
Chile,2018,CHL,18893185.0,414254051745.0,24785.533,4327.486,468.278,45.866,6.262,4.379,28.009,45.866,54.134,470.28,38.45,21926.109956844226,2.0351253639870674
Chile,2019,CHL,19197748.0,417331966568.0,24689.287,4374.472,473.979,46.213,7.502,5.823,26.232,46.213,53.787,456.54,38.34,21738.589680831315,1.9971092442717764
Chile,2020,CHL,19370621.0,391686945225.0,22842.719,4314.782,442.478,48.445,9.009,6.64,26.238,48.445,51.555,436.83,36.51,20220.6705311616,1.884813088852443
Chile,2021,CHL,19456323.0,437659188270.0,24509.102,4528.091,476.857,48.888,11.986,8.649,21.521,48.888,51.112,430.99,37.97,22494.4450331134,1.9515506604202655
Chile,2022,CHL,19553033.0,448338105532.0,25750.754,4656.055,503.505,55.327,17.256,9.754,22.715,55.327,44.673,372.8,33.94,22929.33815086386,1.7357920891352252
Colombia,2000,COL,39089939.0,330615619673.0,8037.474,1095.167,314.184,75.356,0.023,0.0,74.165,75.356,24.644,189.21,8.1,8457.818766946655,0.20721444461706628
Colombia,2001,COL,39709263.0,336096684249.0,7979.616,1086.396,316.865,74.154,0.023,0.0,72.972,74.154,25.846,197.73,8.53,8463.936594567369,0.2148113401147737
Colombia,2002,COL,40324684.0,344517683680.0,7859.605,1108.75,316.936,76.336,0.022,0.0,75.218,76.336,23.664,183.4,8.2,8543.592894119145,0.20334939264496157
Colombia,2003,COL,40937426.0,357889195415.0,7886.754,1128.552,322.863,78.615,0.022,0.0,77.511,78.615,21.385,172.08,7.95,8742.34729401404,0.1941988243227603
Colombia,2004,COL,41543177.0,376728225954.0,8172.958,1187.439,339.531,81.512,0.02,0.101,80.438,81.512,18.488,148.39,7.32,9068.353774531977,0.17620221968098398
Colombia,2005,COL,42128978.0,394076061209.0,7935.191,1185.407,334.302,80.016,0.02,0.1,78.895,80.016,19.984,159.99,7.99,9354.038002274823,0.18965568070509567
Colombia,2006,COL,42691081.0,420283862175.0,9041.391,1249.441,385.987,80.446,0.019,0.112,79.321,80.446,19.554,158.98,8.48,9844.769734807136,0.1986363381147458
Colombia,2007,COL,43235374.0,448731322364.0,9072.923,1267.249,392.271,81.383,0.018,0.091,80.307,81.383,18.617,155.14,8.5,10378.800524866514,0.19659827621706247
Colombia,2008,COL,43758805.0,464038717488.0,9334.807,1267.859,408.48,83.886,0.018,0.09,82.805,83.886,16.114,137.53,7.63,10604.465032534596,0.17436490781683822
Colombia,2009,COL,44271543.0,471326580093.0,9120.582,1281.862,403.782,72.687,0.018,0.106,71.612,72.687,27.313,211.63,12.01,10646.265030631528,0.2712803572263113
Colombia,2010,COL,44777325.0,489870174161.0,9482.501,1345.1,424.601,70.513,0.017,0.066,66.412,70.513,29.487,229.45,13.82,10940.139326344304,0.3086383565789158
Colombia,2011,COL,45259614.0,521323240921.0,9805.576,1363.246,443.797,81.75,0.016,0.065,78.428,81.75,18.25,151.38,9.34,11518.50833109182,0.20636499462854455
Colombia,2012,COL,45715807.0,541722649583.0,10323.192,1379.392,471.933,77.894,0.016,0.079,74.707,77.894,22.106,179.04,11.29,11849.788620881176,0.2469605316165588
Colombia,2013,COL,46151583.0,569534665242.0,10509.707,1592.795,485.04,69.215,0.014,0.082,67.691,69.215,30.785,236.02,17.35,12340.522864448658,0.3759351006443268
Colombia,2014,COL,46565426.0,595158021031.0,10964.914,1513.14,510.586,69.089,0.014,0.099,67.059,69.089,30.911,236.73,16.68,12781.114061557173,0.35820567817848376
Colombia,2015,COL,46969938.0,612750891790.0,10738.822,1659.998,504.402,63.345,0.013,0.09,61.485,63.345,36.655,275.36,21.47,13045.597202832161,0.45710088014167694
Colombia,2016,COL,47437513.0,625545111723.0,11569.512,1605.691,548.829,65.616,0.013,0.066,63.621,65.616,34.384,259.55,19.77,13186.718108999517,0.41675877907005787
Colombia,2017,COL,48131076.0,634046295892.0,11535.692,1630.34,555.225,79.1,0.013,0.0,77.278,79.1,20.9,166.18,13.04,13173.324774455488,0.27092683321685973
Colombia,2018,COL,49024463.0,650303209362.0,11652.967,1595.326,571.28,76.333,0.026,0.051,74.402,76.333,23.667,187.44,14.66,13264.871649119339,0.2990343820798201
Colombia,2019,COL,49907987.0,671028388046.0,11495.876,1578.505,573.736,69.485,0.165,0.076,67.251,69.485,30.515,240.92,18.98,13445.310628256755,0.3802998506030708
Colombia,2020,COL,50629997.0,622365414246.0,10227.39,1535.651,517.813,65.325,0.244,0.013,62.302,65.325,34.675,271.25,21.09,12292.424474091911,0.41655147639056744
Colombia,2021,COL,51188174.0,690925195330.0,11053.629,1648.037,565.815,75.071,0.391,0.071,71.954,75.071,24.929,195.83,16.52,13497.750385274536,0.3227307932492376
Colombia,2022,COL,51737944.0,742716953392.0,12123.15,1601.533,627.227,74.354,0.76,0.084,70.879,74.354,25.646,202.15,16.75,14355.362737104513,0.32374691966886043
Costa Rica,2000,CRI,3937737.0,36043077867.0,7388.234,1742.117,29.093,99.125,0.0,2.624,81.924,99.125,0.875,30.61,0.21,9153.246615251348,0.05333012336781253
Costa Rica,2001,CRI,4008951.0,37338984417.0,7386.503,1721.149,29.612,98.551,0.0,2.754,81.159,98.551,1.449,34.78,0.24,9313.903915762503,0.05986603478066955
Costa Rica,2002,CRI,4075710.0,38566391693.0,7551.25,1820.542,30.777,98.383,0.0,3.504,79.111,98.383,1.617,36.39,0.27,9462.49652036087,0.06624612644177334
Costa Rica,2003,CRI,4138791.0,40104618605.0,7776.174,1763.8,32.184,97.808,0.0,4.247,80.274,97.808,2.192,39.73,0.29,9689.93568532453,0.07006877129093979
Costa Rica,2004,CRI,4200079.0,41810218746.0,7672.902,1899.964,32.227,99.123,0.0,3.258,80.451,99.123,0.877,31.33,0.25,9954.626745354075,0.059522689930356074
Costa Rica,2005,CRI,4261240.0,43414436973.0,8036.141,1921.976,34.244,96.703,0.0,2.442,79.365,96.703,3.297,47.62,0.39,10188.216803794201,0.09152265537730801
Costa Rica,2006,CRI,4321337.0,46549505108.0,8383.152,1994.753,36.226,93.852,0.0,3.132,75.754,93.852,6.148,67.29,0.58,10772.014565862371,0.13421772011763952
Costa Rica,2007,CRI,4380250.0,50253055044.0,8884.348,2050.111,38.916,91.982,0.0,2.673,74.61,91.982,8.018,77.95,0.7,11472.645406997317,0.15980823012385137
Costa Rica,2008,CRI,4440058.0,52514579539.0,8737.468,2117.089,38.795,92.766,0.0,2.128,77.766,92.766,7.234,72.34,0.68,11827.453501508313,0.15315115252998948
Costa Rica,2009,CRI,4499788.0,51990443852.0,8330.891,2053.43,37.487,95.13,0.0,3.571,77.381,95.13,4.87,58.44,0.54,11553.97628777178,0.1200056535996807
Costa Rica,2010,CRI,4555965.0,54669051273.0,8397.651,2087.374,38.259,93.27,0.0,3.785,75.605,93.27,6.73,69.4,0.66,11999.444963470965,0.14486502859438122
Costa Rica,2011,CRI,4609834.0,56719502938.0,8370.705,2115.044,38.588,91.179,0.0,4.205,72.41,91.179,8.821,84.1,0.82,12304.022864597728,0.17788059179571322
Costa Rica,2012,CRI,4663930.0,59489116143.0,8368.356,2167.7,39.029,91.79,0.099,5.242,70.821,91.79,8.21,80.12,0.81,12755.147727989057,0.1736732755423002
Costa Rica,2013,CRI,4716153.0,60973369897.0,8453.235,2160.659,39.867,88.224,0.196,4.809,66.536,88.224,11.776,103.04,1.05,12928.62421914641,0.22263908740874186
Costa Rica,2014,CRI,4767126.0,63133053443.0,8564.41,2133.361,40.828,89.774,0.197,7.276,65.388,89.774,10.226,93.41,0.95,13243.420342361414,0.19928149581110294
Costa Rica,2015,CRI,4818045.0,65438671759.0,8542.498,2235.347,41.158,98.979,0.279,10.028,74.188,98.979,1.021,33.43,0.36,13581.996797248677,0.07471910287263818
Costa Rica,2016,CRI,4867003.0,68189707920.0,8940.282,2231.353,43.512,98.25,0.276,10.589,73.204,98.25,1.75,38.67,0.42,14010.615551295119,0.08629540602296731
Costa Rica,2017,CRI,4913177.0,71025038908.0,9141.534,2295.867,44.914,99.645,0.355,11.436,76.152,99.645,0.355,28.37,0.32,14456.030977105038,0.06513097329894689
Costa Rica,2018,CRI,4957813.0,72883048113.0,9304.228,2307.469,46.129,98.601,0.524,15.734,72.203,98.601,1.399,34.97,0.4,14700.644843401718,0.08068073563887948
Costa Rica,2019,CRI,4999549.0,74645366733.0,9256.251,2284.206,46.277,99.124,0.613,15.762,67.863,99.124,0.876,31.52,0.36,14930.420070490358,0.07200649498584771
Costa Rica,2020,CRI,5034323.0,71455765338.0,8050.522,2328.019,40.529,99.829,0.597,12.457,70.734,99.829,0.171,27.3,0.32,14193.71886507878,0.06356366089343096
Costa Rica,2021,CRI,5059991.0,77015741091.0,8936.604,2515.815,45.219,100.0,0.628,12.333,72.977,100.0,0.0,25.92,0.33,15220.529263984858,0.06521750730386675
Costa Rica,2022,CRI,5081764.0,80345898158.0,9135.139,2447.969,46.423,100.0,0.643,11.013,75.965,100.0,0.0,24.12,0.3,15810.63153621459,0.059034618687526616
Cuba,2000,CUB,11109112.0,44692111238.0,9865.099,1352.943,109.592,6.853,0.0,0.0,0.599,6.853,93.147,630.74,9.48,4023.0138320686656,0.8533535353680834
Cuba,2001,CUB,11144134.0,47301967982.0,9057.511,1372.92,100.938,6.536,0.0,0.0,0.458,6.536,93.464,632.03,9.67,4244.5620253668885,0.8677210808843469
Cuba,2002,CUB,11177422.0,48976944311.0,9133.567,1403.723,102.09,6.628,0.0,0.0,0.637,6.628,93.372,630.98,9.9,4381.774644546837,0.8857140761080685
Cuba,2003,CUB,11209379.0,50659542457.0,9241.056,1410.426,103.586,5.376,0.0,0.0,0.822,5.376,94.624,637.57,10.08,4519.388849016525,0.8992469609601031
Cuba,2004,CUB,11238756.0,51357046933.0,9339.649,1391.613,104.966,5.627,0.0,0.0,0.575,5.627,94.373,637.47,9.97,4569.638039387989,0.8871088579554535
Cuba,2005,CUB,11262553.0,53114045326.0,9173.879,1362.924,103.321,3.192,0.0,0.0,0.456,3.192,96.808,648.86,9.96,4715.986271141188,0.8843465597897742
Cuba,2006,CUB,11278550.0,61018245782.0,8924.525,1460.294,100.656,3.036,0.0,0.0,0.546,3.036,96.964,650.27,10.71,5410.114401407983,0.9495901512162468
Cuba,2007,CUB,11287274.0,63463487934.0,9002.153,1560.164,101.61,3.01,0.0,0.0,0.681,3.01,96.99,650.2,11.45,5622.569978721169,1.014416767059965
Cuba,2008,CUB,11291764.0,67603097135.0,10292.886,1565.743,116.225,3.959,0.0,0.057,0.792,3.959,96.041,645.93,11.42,5986.938545208703,1.0113565958339195
Cuba,2009,CUB,11294719.0,70355905283.0,10366.752,1569.76,117.09,3.892,0.0,0.0,0.846,3.892,96.108,645.8,11.45,6229.097446603143,1.0137481065265987
Cuba,2010,CUB,11297414.0,74083580619.0,11787.549,1540.175,133.169,3.276,0.0,0.057,0.575,3.276,96.724,648.85,11.29,6557.569778269611,0.9993437436213277
Cuba,2011,CUB,11301578.0,78036992000.0,10581.127,1570.577,119.583,3.211,0.0,0.113,0.563,3.211,96.789,648.45,11.51,6904.964244816078,1.0184418494479266
Cuba,2012,CUB,11303172.0,80388156000.0,11512.604,1630.516,130.129,3.744,0.054,0.109,0.597,3.744,96.256,645.69,11.9,7111.999711231502,1.0528018152780476
Cuba,2013,CUB,11298163.0,83013750000.0,11051.086,1703.817,124.857,4.883,0.571,0.104,0.675,4.883,95.117,639.48,12.31,7347.5440210944025,1.0895576564083915
Cuba,2014,CUB,11285780.0,85723464000.0,11269.271,1721.636,127.183,4.375,0.463,0.103,0.515,4.375,95.625,643.34,12.5,7595.705746523501,1.10758848745944
Cuba,2015,CUB,11275069.0,88467246000.0,11314.926,1808.415,127.577,4.414,0.638,0.098,0.245,4.414,95.586,643.94,13.13,7846.270918608126,1.1645161550674323
Cuba,2016,CUB,11265615.0,88635596816.0,8825.617,1824.135,99.426,4.428,0.681,0.097,0.292,4.428,95.572,643.31,13.22,7867.799211671977,1.173482317654207
Cuba,2017,CUB,11247824.0,90020495157.0,9404.827,1828.798,105.784,3.889,0.389,0.097,0.389,3.889,96.111,645.6,13.28,8003.369821309438,1.1806728128036144
Cuba,2018,CUB,11227116.0,91854653880.0,9396.204,1852.657,105.492,3.462,0.577,0.096,0.673,3.462,96.538,647.12,13.46,8181.50038531712,1.1988831325872111
Cuba,2019,CUB,11202847.0,91703236400.0,8404.184,1847.745,94.151,4.3,1.014,0.097,0.676,4.3,95.7,641.06,13.27,8185.708186499378,1.1845203277345482
Cuba,2020,CUB,11176349.0,81663255167.0,7528.675,1702.703,84.143,4.729,1.156,0.105,0.578,4.729,95.271,638.99,12.16,7306.791794619156,1.0880118364235047
Cuba,2021,CUB,11122169.0,82687389665.0,6848.439,1603.105,76.17,4.431,1.234,0.112,0.673,4.431,95.569,638.81,11.39,7434.46621472844,1.024080824522627
Cuba,2022,CUB,11059822.0,84154971449.0,7764.905,1415.032,85.878,4.281,1.342,0.383,0.767,4.281,95.719,640.26,10.02,7609.071054579359,0.9059820311755469
Dominican Republic,2000,DOM,8584196.0,56344968399.0,9897.71,1515.576,84.964,6.995,0.0,0.0,5.765,6.995,93.005,615.68,8.01,6563.802643718759,0.9331101014002943
Dominican Republic,2001,DOM,8720287.0,58288496906.0,9479.191,1472.429,82.661,6.698,0.0,0.0,5.452,6.698,93.302,619.94,7.96,6684.240656987551,0.9128139933926487
Dominican Republic,2002,DOM,8852231.0,62671030582.0,9836.001,1570.226,87.071,7.482,0.0,0.0,6.259,7.482,92.518,621.58,8.64,7079.687660884584,0.9760251398771678
Dominican Republic,2003,DOM,8980626.0,63562914579.0,8811.658,1578.955,79.134,9.591,0.0,0.0,8.392,9.591,90.409,612.13,8.68,7077.782170084803,0.9665250507035924
Dominican Republic,2004,DOM,9104889.0,65495459116.0,7985.057,1320.17,72.703,14.476,0.0,0.0,13.311,14.476,85.524,584.03,7.02,7193.438504961456,0.7710143418552384
Dominican Republic,2005,DOM,9225035.0,72784646192.0,8632.461,1446.065,79.635,15.442,0.0,0.0,14.318,15.442,84.558,574.96,7.67,7889.904611960822,0.8314331598741902
Dominican Republic,2006,DOM,9341187.0,81940402491.0,8546.778,1510.515,79.837,13.536,0.0,0.0,12.403,13.536,86.464,588.24,8.3,8771.947557735435,0.8885380412574977
Dominican Republic,2007,DOM,9455663.0,90412078042.0,8700.519,1540.875,82.269,12.766,0.0,0.0,11.668,12.766,87.234,588.2,8.57,9561.685737108017,0.9063351771314185
Dominican Republic,2008,DOM,9573135.0,94906712345.0,8607.035,1526.146,82.396,10.541,0.0,0.0,9.446,10.541,89.459,601.64,8.79,9913.859184582689,0.9181945099489351
Dominican Republic,2009,DOM,9695270.0,97411530204.0,8380.905,1418.217,81.255,11.782,0.0,0.0,10.618,11.782,88.218,593.46,8.16,10047.3251600007,0.8416475250302468
Dominican Republic,2010,DOM,9820180.0,107260793439.0,8694.755,1505.064,85.384,10.758,0.0,0.0,9.675,10.758,89.242,587.96,8.69,10922.487514383647,0.8849124965122839
Dominican Republic,2011,DOM,9945623.0,112433265383.0,8425.691,1584.617,83.799,10.787,0.0,0.063,9.708,10.787,89.213,590.1,9.3,11304.798641874922,0.9350847101282646
Dominican Republic,2012,DOM,10070409.0,115488083453.0,9214.968,1678.184,92.798,12.13,0.0,0.592,10.533,12.13,87.87,582.25,9.84,11468.062861498476,0.9771201944230865
Dominican Republic,2013,DOM,10193838.0,121118130894.0,8620.207,1738.305,87.873,13.036,0.056,1.354,10.609,13.036,86.964,571.67,10.13,11881.504384707703,0.9937375893162125
Dominican Republic,2014,DOM,10315523.0,129656952614.0,8261.616,1675.145,85.223,10.127,0.116,1.389,7.639,10.127,89.873,593.75,10.26,12569.110903441348,0.9946175293293418
Dominican Republic,2015,DOM,10434826.0,138638287562.0,9146.428,1724.993,95.441,7.889,0.167,1.611,5.167,7.889,92.111,606.11,10.91,13286.113976601047,1.045537318973982
Dominican Republic,2016,DOM,10551430.0,147870212847.0,9531.96,1779.854,100.576,11.076,0.426,1.704,7.987,11.076,88.924,589.99,11.08,14014.23435941858,1.0500946317229038
Dominican Republic,2017,DOM,10666846.0,154771313809.0,9189.017,1799.97,98.018,15.833,0.729,2.031,11.302,15.833,84.167,550.52,10.57,14509.566727503145,0.990920840143375
Dominican Republic,2018,DOM,10782048.0,165578989651.0,10097.055,1817.837,108.867,13.776,1.173,2.551,8.98,13.776,86.224,566.33,11.1,15356.914535253414,1.0294890172998674
Dominican Republic,2019,DOM,10894043.0,173944046167.0,11349.343,1953.361,123.64,12.547,1.739,3.712,6.109,12.547,87.453,582.71,12.4,15966.895501238612,1.1382367409418157
Dominican Republic,2020,DOM,11008298.0,162255006875.0,9261.561,1770.483,101.954,16.162,3.079,5.49,6.619,16.162,83.838,581.32,11.33,14739.336351087153,1.0292235911491496
Dominican Republic,2021,DOM,11123480.0,182166940060.0,10724.289,1926.555,119.291,17.779,3.966,5.693,7.0,17.779,82.221,558.56,11.97,16376.793958365548,1.0761020831610253
Dominican Republic,2022,DOM,11230734.0,191182362267.0,11799.487,1974.047,132.517,18.448,5.593,5.277,6.631,18.448,81.552,580.06,12.86,17023.14045252964,1.1450720852261305
Ecuador,2000,ECU,12689215.0,85978888021.0,8206.088,829.839,104.129,71.51,0.0,0.0,71.51,71.51,28.49,204.18,2.15,6775.745230969765,0.16943522511045797
Ecuador,2001,ECU,12910736.0,90060703680.0,8170.174,850.455,105.483,63.752,0.0,0.0,63.752,63.752,36.248,254.1,2.79,6975.644431115314,0.21609922160905468
Ecuador,2002,ECU,13138473.0,94404507340.0,7924.009,898.887,104.109,63.082,0.0,0.0,63.082,63.082,36.918,262.49,3.1,7185.34850587279,0.2359482719186621
Ecuador,2003,ECU,13372304.0,97642542688.0,7972.256,858.491,106.607,61.934,0.0,0.0,61.934,61.934,38.066,274.39,3.15,7301.848857758543,0.23556150084532926
Ecuador,2004,ECU,13608700.0,106393261231.0,8381.104,940.575,114.056,57.344,0.0,0.0,57.344,57.344,42.656,303.91,3.89,7818.032672555057,0.2858465540426345
Ecuador,2005,ECU,13846162.0,112798230080.0,8719.008,912.888,120.725,54.035,0.0,0.0,53.877,54.035,45.965,327.53,4.14,8146.534041707731,0.2989998239223259
Ecuador,2006,ECU,14086138.0,118581678982.0,9064.634,999.564,127.686,50.284,0.0,0.0,50.142,50.284,49.716,352.27,4.96,8418.324382595145,0.3521192252979489
Ecuador,2007,ECU,14328783.0,122016284055.0,9369.433,1203.871,134.253,52.0,0.0,0.0,51.884,52.0,48.0,340.29,5.87,8515.467367675259,0.40966493804812315
Ecuador,2008,ECU,14575201.0,130654762337.0,9830.746,1268.593,143.285,60.573,0.0,0.0,60.465,60.573,39.427,283.94,5.25,8964.182541084681,0.3602008644683528
Ecuador,2009,ECU,14825960.0,132310294703.0,9429.752,1224.879,139.805,50.385,0.0,0.0,50.275,50.385,49.615,349.67,6.35,8924.23119332576,0.42830278781272846
Ecuador,2010,ECU,15076697.0,137913290159.0,10293.648,1288.081,155.194,44.13,0.0,0.0,44.027,44.13,55.87,389.8,7.57,9147.447226604076,0.5020993656634474
Ecuador,2011,ECU,15326232.0,149795272280.0,10742.646,1333.009,164.644,53.989,0.0,0.0,53.94,53.989,46.011,325.5,6.65,9773.783424392897,0.43389660289626314
Ecuador,2012,ECU,15572195.0,158246726051.0,11169.487,1459.653,173.933,53.41,0.0,0.0,53.322,53.41,46.59,329.96,7.5,10162.13360101129,0.48162767034448256
Ecuador,2013,ECU,15807132.0,166075183974.0,11356.213,1465.161,179.509,47.625,0.0,0.259,47.193,47.625,52.375,368.74,8.54,10506.345108904006,0.5402624587433065
Ecuador,2014,ECU,16035127.0,172367775440.0,11759.381,1508.563,188.563,47.54,0.083,0.331,46.879,47.54,52.46,369.16,8.93,10749.386359085276,0.5569023556844919
Ecuador,2015,ECU,16266229.0,172538423301.0,11560.524,1587.953,188.046,51.103,0.155,0.387,50.213,51.103,48.897,345.72,8.93,10607.155678246016,0.5489901808218733
Ecuador,2016,ECU,16505142.0,170423090933.0,11354.271,1645.548,187.404,59.978,0.147,0.295,57.732,59.978,40.022,288.66,7.84,10325.454390698365,0.47500348679217663
Ecuador,2017,ECU,16759515.0,174458721084.0,11641.728,1660.549,195.11,73.518,0.144,0.252,71.47,73.518,26.482,201.22,5.6,10409.532798771324,0.33413854756536804
Ecuador,2018,ECU,17049542.0,176707497535.0,12104.737,1714.416,206.38,71.912,0.137,0.274,70.031,71.912,28.088,210.06,6.14,10364.354510813253,0.3601269758448643
Ecuador,2019,ECU,17340017.0,176728682555.0,12187.595,1871.394,211.333,77.781,0.123,0.277,75.994,77.781,22.219,171.96,5.58,10191.955553157763,0.3217989924692692
Ecuador,2020,ECU,17546058.0,162965075602.0,10421.851,1783.307,182.862,79.642,0.128,0.256,77.756,79.642,20.358,159.48,4.99,9287.845486547463,0.28439436367986476
Ecuador,2021,ECU,17682454.0,169866634253.0,12023.042,1816.49,212.597,81.196,0.125,0.187,79.608,81.196,18.804,149.13,4.79,9606.507911910869,0.27089000203252334
Ecuador,2022,ECU,17823900.0,175028884708.0,12495.487,1854.813,222.718,76.013,0.121,0.181,74.531,76.013,23.987,181.19,5.99,9819.89826626047,0.336065619757741
El Salvador,2000,SLV,5943363.0,31478454275.0,4442.162,614.13,26.401,55.89,0.0,,33.425,55.89,44.11,309.59,1.13,5296.404455692846,0.19012804703330421
El Salvador,2001,SLV,5968058.0,32499941192.0,4427.587,686.991,26.424,53.902,0.0,,29.512,53.902,46.098,321.95,1.32,5445.647678357013,0.2211774751518836
El Salvador,2002,SLV,5986629.0,33751219265.0,4612.663,734.971,27.614,50.682,0.0,,27.045,50.682,49.318,343.18,1.51,5637.766974536087,0.2522287584548834
El Salvador,2003,SLV,5998597.0,35029541311.0,4833.146,778.515,28.992,56.317,0.0,,32.548,56.317,43.683,308.35,1.44,5839.622383534016,0.24005613312579593
El Salvador,2004,SLV,6004673.0,36185189370.0,4849.703,804.374,29.121,52.795,0.0,,29.814,52.795,47.205,329.19,1.59,6026.171511754262,0.264793769785632
El Salvador,2005,SLV,6005583.0,38001442916.0,4925.601,849.21,29.581,56.863,0.0,,33.725,56.863,43.137,305.88,1.56,6327.685907596315,0.2597582949065894
El Salvador,2006,SLV,6002321.0,40054319005.0,5134.85,949.633,30.821,58.596,0.0,,35.439,58.596,41.404,294.74,1.68,6673.138441779438,0.2798917285496727
El Salvador,2007,SLV,6009820.0,42202462933.0,5342.946,986.718,32.11,57.167,0.0,,30.185,57.167,42.833,305.23,1.81,7022.250738458057,0.3011737456363086
El Salvador,2008,SLV,6029302.0,43393063628.0,5063.321,1011.726,30.528,63.279,0.0,,34.426,63.279,36.721,267.21,1.63,7197.02937885679,0.27034638503760466
El Salvador,2009,SLV,6048284.0,42668179532.0,5005.614,967.216,30.275,56.752,0.0,,26.838,56.752,43.248,309.4,1.81,7054.592597173017,0.2992584342930987
El Salvador,2010,SLV,6068253.0,43862777197.0,5024.517,996.992,30.49,65.455,0.0,,35.537,65.455,34.545,256.2,1.55,7228.238044293803,0.25542771535728653
El Salvador,2011,SLV,6090128.0,45520507146.0,5032.225,1013.115,30.647,63.533,0.0,,33.874,63.533,36.467,267.42,1.65,7474.474616297063,0.2709302661618935
El Salvador,2012,SLV,6113977.0,46608113564.0,5140.093,1030.426,31.426,60.635,0.0,,30.317,60.635,39.365,288.89,1.82,7623.207212588467,0.2976785813881865
El Salvador,2013,SLV,6138845.0,48017379514.0,4971.976,1029.51,30.522,60.759,0.0,,29.272,60.759,39.241,287.98,1.82,7821.891498156412,0.2964727078139292
El Salvador,2014,SLV,6162952.0,49026874064.0,5116.345,1022.237,31.532,60.159,0.0,,28.413,60.159,39.841,293.65,1.85,7955.095880026325,0.3001808224370399
El Salvador,2015,SLV,6183675.0,50319726389.0,5442.877,981.617,33.657,58.32,0.165,,23.394,58.32,41.68,308.07,1.87,8137.5114942166265,0.30240916607033846
El Salvador,2016,SLV,6200808.0,51794877474.0,5503.396,993.419,34.125,59.416,0.325,,21.753,59.416,40.584,308.44,1.9,8352.923921205107,0.3064116805422777
El Salvador,2017,SLV,6213538.0,53295513328.0,5317.579,893.211,33.041,74.775,2.883,,30.811,74.775,25.225,212.61,1.18,8577.321540159568,0.18990790753995548
El Salvador,2018,SLV,6219803.0,55053057931.0,5810.084,874.626,36.138,77.941,5.699,,29.963,77.941,22.059,194.85,1.06,8851.25428104395,0.17042340408530626
El Salvador,2019,SLV,6222316.0,56393644127.0,6477.021,991.592,40.302,71.475,9.4,,24.797,71.475,28.525,238.25,1.47,9063.127640415561,0.2362464394286629
El Salvador,2020,SLV,6234679.0,51960808936.0,5385.433,1031.328,33.576,84.759,15.397,0.156,32.193,84.759,15.241,152.41,0.98,8334.159454881317,0.1571853178006438
El Salvador,2021,SLV,6255780.0,57771997522.0,6263.183,1133.352,39.181,86.037,23.836,1.834,25.67,86.037,13.963,143.87,1.02,9234.979094853079,0.1630492120886604
El Salvador,2022,SLV,6280316.0,59270934820.0,6867.604,1055.679,43.131,90.799,18.703,2.112,33.786,90.799,9.201,113.12,0.75,9437.572061660592,0.11942074252314694
Guatemala,2000,GTM,11697592.0,68731616093.0,3602.238,552.25,42.138,50.155,0.0,0.0,38.7,50.155,49.845,374.61,2.42,5875.706392649017,0.20688018525522173
Guatemala,2001,GTM,11969423.0,70402333033.0,3732.099,562.266,44.671,43.685,0.0,0.0,32.392,43.685,56.315,426.45,2.87,5881.848526282344,0.23977764007504793
Guatemala,2002,GTM,12246923.0,73303957428.0,3725.813,543.81,45.63,39.64,0.0,0.0,28.979,39.64,60.36,454.96,3.03,5985.499984608378,0.2474090838980534
Guatemala,2003,GTM,12525843.0,75388396403.0,3735.434,551.659,46.789,48.77,0.0,0.0,38.35,48.77,51.23,393.63,2.72,6018.628558812369,0.21715105322651737
Guatemala,2004,GTM,12807409.0,78142886190.0,3438.836,501.272,44.043,50.935,0.0,0.0,39.564,50.935,49.065,389.41,2.5,6101.381332477163,0.19519951303187083
Guatemala,2005,GTM,13087637.0,80920955084.0,3554.724,531.036,46.523,56.115,0.0,0.0,41.871,56.115,43.885,358.27,2.49,6183.007297956079,0.19025588805679744
Guatemala,2006,GTM,13367455.0,85238080655.0,3682.26,588.743,49.222,53.494,0.0,0.0,41.55,53.494,46.506,368.49,2.9,6376.537692103695,0.21694481111026742
Guatemala,2007,GTM,13652042.0,90511916055.0,3958.847,638.732,54.046,50.917,0.0,0.0,34.404,50.917,49.083,389.91,3.4,6629.917784826622,0.24904699238399647
Guatemala,2008,GTM,13935172.0,93386251977.0,3529.427,622.884,49.183,54.954,0.0,0.0,41.935,54.954,45.046,355.99,3.09,6701.478243469115,0.22174107359421183
Guatemala,2009,GTM,14215614.0,93773785204.0,3721.821,626.776,52.908,45.791,0.0,0.0,32.66,45.791,54.209,405.16,3.61,6596.534289971576,0.25394611868330136
Guatemala,2010,GTM,14500118.0,96390296358.0,3625.881,609.65,52.576,63.688,0.0,0.0,43.1,63.688,36.312,316.74,2.8,6647.552548055126,0.1931018768261058
Guatemala,2011,GTM,14792123.0,100335200000.0,3525.141,592.207,52.144,62.671,0.0,0.0,47.146,62.671,37.329,315.07,2.76,6783.015527926586,0.18658579299266237
Guatemala,2012,GTM,15089639.0,103492749162.0,3655.377,620.293,55.158,66.667,0.0,0.0,47.65,66.667,33.333,295.94,2.77,6858.530489828153,0.1835696665771792
Guatemala,2013,GTM,15387339.0,107099471666.0,3848.17,657.684,59.213,67.589,0.0,0.0,45.949,67.589,32.411,301.38,3.05,6960.2334533605845,0.198214909023581
Guatemala,2014,GTM,15681725.0,111858970345.0,3989.314,678.497,62.559,68.421,0.094,0.0,45.489,68.421,31.579,300.75,3.2,7133.078175073214,0.2040591835400761
Guatemala,2015,GTM,15971745.0,116436247567.0,4535.166,699.36,72.435,61.146,1.432,0.985,34.646,61.146,38.854,368.85,4.12,7290.1394034903515,0.2579555333496747
Guatemala,2016,GTM,16268761.0,119554400888.0,4867.983,729.004,79.196,61.804,1.602,1.855,33.642,61.804,38.196,371.84,4.41,7348.709645928168,0.2710716569012232
Guatemala,2017,GTM,16567363.0,123236680953.0,4950.349,744.838,82.014,68.639,1.621,1.783,47.083,68.639,31.361,312.8,3.86,7438.521202982031,0.23298819492275263
Guatemala,2018,GTM,16845688.0,127435350812.0,4969.137,786.551,83.709,66.113,1.509,2.415,40.075,66.113,33.887,340.38,4.51,7564.864718615233,0.26772429834863376
Guatemala,2019,GTM,17103803.0,132535316516.0,5303.489,742.525,90.71,63.858,1.811,2.598,35.197,63.858,36.142,363.78,4.62,7748.879972249447,0.27011536557103705
Guatemala,2020,GTM,17357331.0,130197392340.0,5189.629,715.548,90.078,75.765,1.771,2.496,46.538,75.765,24.235,265.7,3.3,7501.003025177085,0.19012139596807826
Guatemala,2021,GTM,17598652.0,140588440273.0,5868.567,879.045,103.279,73.497,1.487,2.069,43.051,73.497,26.503,285.71,4.42,7988.591414444697,0.2511555998720811
Guatemala,2022,GTM,17847877.0,146224632616.0,5353.738,755.272,95.553,84.644,1.706,2.3,52.226,84.644,15.356,191.4,2.58,8192.830587974133,0.1445550078589179
Haiti,2000,HTI,8303151.0,12590117444.0,774.733,65.036,6.433,51.852,0.0,0.0,51.852,51.852,48.148,333.33,0.18,1516.3059715522456,0.021678516987105257
Haiti,2001,HTI,8455917.0,12654293375.0,832.124,69.774,7.036,47.458,0.0,0.0,47.458,47.458,52.542,355.93,0.21,1496.5016065082002,0.024834680851290286
Haiti,2002,HTI,8607648.0,12820096281.0,908.486,63.897,7.82,47.273,0.0,0.0,47.273,47.273,52.727,363.64,0.2,1489.3843569114351,0.023235150879775755
Haiti,2003,HTI,8759913.0,13072600973.0,823.075,60.503,7.21,47.17,0.0,0.0,47.17,47.17,52.83,358.49,0.19,1492.320868141042,0.021689713128429475
Haiti,2004,HTI,8910267.0,12808948010.0,940.091,61.727,8.376,47.273,0.0,0.0,47.273,47.273,52.727,363.64,0.2,1437.5492911716337,0.022446016488619255
Haiti,2005,HTI,9061274.0,13245370242.0,965.679,60.698,8.75,47.273,0.0,0.0,47.273,47.273,52.727,363.64,0.2,1461.7558460322466,0.022071951471724617
Haiti,2006,HTI,9216569.0,13759840125.0,972.555,61.845,8.964,47.368,0.0,0.0,47.368,47.368,52.632,368.42,0.21,1492.9460328458454,0.022785051573964238
Haiti,2007,HTI,9373300.0,14437110458.0,1059.405,49.076,9.93,32.609,0.0,0.0,32.609,32.609,67.391,434.78,0.2,1540.237745297814,0.02133720247938293
Haiti,2008,HTI,9530782.0,14789629003.0,1044.733,51.412,9.957,36.735,0.0,0.0,36.735,36.735,63.265,408.16,0.2,1551.7749753378055,0.020984636937451725
Haiti,2009,HTI,9689585.0,15482895499.0,970.681,73.275,9.405,28.169,0.0,0.0,28.169,28.169,71.831,478.87,0.34,1597.8904668259786,0.03508922208742687
Haiti,2010,HTI,9803299.0,14869726114.0,892.687,69.364,8.751,25.0,0.0,0.0,25.0,25.0,75.0,500.0,0.34,1516.8083839940005,0.03468220238921612
Haiti,2011,HTI,9914904.0,15936160000.0,940.049,99.85,9.32,12.121,0.0,0.0,12.121,12.121,87.879,575.76,0.57,1607.2934241219077,0.05748921018297302
Haiti,2012,HTI,10069770.0,16393482000.0,1002.771,109.238,10.098,20.0,0.0,0.0,20.0,20.0,80.0,536.36,0.59,1627.98971575319,0.058591209133872967
Haiti,2013,HTI,10222365.0,17085684000.0,1055.107,102.716,10.786,13.333,0.0,0.0,13.333,13.333,86.667,571.43,0.6,1671.40226356621,0.05869483236022192
Haiti,2014,HTI,10373241.0,17572203000.0,1131.308,99.294,11.735,8.738,0.0,0.0,8.738,8.738,91.262,601.94,0.62,1693.9935165875352,0.05976916953920188
Haiti,2015,HTI,10523249.0,17862468000.0,1275.714,97.879,13.425,7.767,0.0,0.0,7.767,7.767,92.233,611.65,0.63,1697.4289974512624,0.05986744207991277
Haiti,2016,HTI,10671462.0,18337150574.0,1308.607,101.205,13.965,6.481,0.0,0.0,6.481,6.481,93.519,611.11,0.66,1718.335367168997,0.061847195820029156
Haiti,2017,HTI,10817759.0,18822570039.0,1271.855,97.987,13.759,12.264,0.0,0.0,12.264,12.264,87.736,575.47,0.61,1739.9694372004406,0.05638875852198223
Haiti,2018,HTI,10962373.0,19129086184.0,1051.65,94.87,11.529,18.269,0.0,0.0,18.269,18.269,81.731,538.46,0.56,1744.9767658881885,0.05108383011597946
Haiti,2019,HTI,11105165.0,18799472313.0,1067.026,95.451,11.849,16.038,0.0,0.0,16.038,16.038,83.962,556.6,0.59,1692.8584413648964,0.05312843168021367
Haiti,2020,HTI,11243846.0,18185520397.0,1040.939,90.716,11.704,13.725,0.0,0.0,13.725,13.725,86.275,568.63,0.58,1617.3754422641505,0.05158377302570668
Haiti,2021,HTI,11374592.0,17851170361.0,991.191,90.553,11.274,12.621,0.0,0.0,12.621,12.621,87.379,572.82,0.59,1569.3899491955403,0.0518699923478574
Haiti,2022,HTI,11503603.0,17550916862.0,1049.055,87.799,12.068,18.812,0.0,0.0,18.812,18.812,81.188,534.65,0.54,1525.6886787556907,0.0469418146645012
Honduras,2000,HND,6577781.0,21239307387.0,3028.279,553.378,19.919,61.813,0.0,0.0,61.538,61.813,38.187,263.74,0.96,3228.9471764110117,0.14594587445218987
Honduras,2001,HND,6757992.0,21992955509.0,3388.764,578.574,22.901,49.616,0.0,0.0,48.082,49.616,50.384,345.27,1.35,3254.362465803452,0.19976348003963307
Honduras,2002,HND,6938866.0,22983633152.0,3444.281,598.08,23.899,40.723,0.0,0.0,38.554,40.723,59.277,404.82,1.68,3312.303934389279,0.24211448960103857
Honduras,2003,HND,7119213.0,24205428089.0,3725.985,657.376,26.526,41.026,0.0,0.0,36.752,41.026,58.974,405.98,1.9,3400.0145927646777,0.2668834321995985
Honduras,2004,HND,7299003.0,25910108120.0,4040.982,706.946,29.495,34.109,0.0,0.0,26.938,34.109,65.891,455.43,2.35,3549.8146966099343,0.3219617802595779
Honduras,2005,HND,7478362.0,27704981594.0,3841.422,739.467,28.728,33.092,0.0,0.0,30.741,33.092,66.908,452.08,2.5,3704.6858114116435,0.33429780478666316
Honduras,2006,HND,7656832.0,29769398424.0,3524.818,778.39,26.989,36.745,0.0,0.0,34.396,36.745,63.255,429.53,2.56,3887.9524095605075,0.33434193149333824
Honduras,2007,HND,7834806.0,31871721735.0,4360.944,802.828,34.167,37.52,0.0,0.0,34.817,37.52,62.48,426.07,2.68,4067.9656567118573,0.3420633516643552
Honduras,2008,HND,8012590.0,33484306097.0,4195.461,808.727,33.617,38.117,0.0,0.0,35.031,38.117,61.883,421.3,2.73,4178.961621273521,0.340713801654646
Honduras,2009,HND,8189904.0,32923391943.0,3863.557,837.617,31.642,47.376,0.0,0.0,40.379,47.376,52.624,371.72,2.55,4019.997297037914,0.31135896098415805
Honduras,2010,HND,8365881.0,34409603132.0,3909.123,860.639,32.703,48.611,0.0,0.0,42.361,48.611,51.389,361.11,2.6,4113.08780653227,0.3107861562936408
Honduras,2011,HND,8540587.0,35990758725.0,3926.354,874.647,33.533,46.051,0.0,1.606,37.349,46.051,53.949,382.87,2.86,4214.084901307135,0.3348715960624252
Honduras,2012,HND,8715081.0,37443688294.0,4155.432,899.59,36.215,46.429,0.0,4.337,35.204,46.429,53.571,380.1,2.98,4296.424587906871,0.3419360072499613
Honduras,2013,HND,8889276.0,38446700070.0,4132.692,923.585,36.737,44.093,0.0,3.776,33.009,44.093,55.907,393.42,3.23,4325.0654012767745,0.3633591757078979
Honduras,2014,HND,9063127.0,39484545761.0,4291.642,915.799,38.896,40.602,0.12,4.819,31.084,40.602,59.398,410.84,3.41,4356.61397672128,0.37624983077032903
Honduras,2015,HND,9237306.0,40757802007.0,4790.027,975.393,44.247,44.062,4.883,7.436,25.749,44.062,55.938,394.01,3.55,4412.303977696528,0.3843111833688307
Honduras,2016,HND,9412380.0,42125312119.0,4460.172,988.06,41.981,48.065,9.57,6.237,24.194,48.065,51.935,368.82,3.43,4475.521825404414,0.3644136764559017
Honduras,2017,HND,9588144.0,43936103834.0,4558.129,978.292,43.704,57.356,9.915,6.183,31.663,57.356,42.644,311.3,2.92,4582.336668493924,0.30454277699625704
Honduras,2018,HND,9765209.0,45477892182.0,4530.455,994.346,44.241,62.822,10.299,9.578,32.441,62.822,37.178,276.0,2.68,4657.134545917041,0.27444369086212084
Honduras,2019,HND,9943637.0,46684518271.0,4894.96,1072.042,48.674,52.908,10.507,7.692,22.795,52.908,47.092,342.4,3.65,4694.913769579481,0.36706891050025253
Honduras,2020,HND,10119638.0,42499283305.0,4385.561,1002.012,44.38,54.635,10.947,7.002,26.627,54.635,45.365,326.43,3.31,4199.6841492749045,0.3270867989546662
Honduras,2021,HND,10289881.0,47826185166.0,4925.441,1080.673,50.682,61.421,10.252,6.924,33.903,61.421,38.579,284.17,3.16,4647.885156883738,0.3070978177493015
Honduras,2022,HND,10463880.0,49738252980.0,5066.291,1082.772,53.013,59.665,9.179,6.09,34.245,59.665,40.335,296.56,3.36,4753.327922338559,0.32110459982339246
Jamaica,2000,JAM,2607827.0,17441468822.0,16599.863,2596.031,43.29,4.579,0.0,0.0,1.625,4.579,95.421,633.68,4.29,6688.12341539527,1.6450477734911095
Jamaica,2001,JAM,2624410.0,17823908809.0,16758.637,2587.248,43.982,3.387,0.0,0.0,0.884,3.387,96.613,642.12,4.36,6791.586988694602,1.6613257836999555
Jamaica,2002,JAM,2640582.0,18032751164.0,16495.219,2635.782,43.557,2.155,0.0,0.0,1.293,2.155,97.845,645.12,4.49,6829.082059939817,1.7003827186582352
Jamaica,2003,JAM,2656629.0,18718066744.0,17072.861,2702.673,45.356,2.507,0.0,0.0,1.671,2.507,97.493,643.45,4.62,7045.79628694861,1.739045986473836
Jamaica,2004,JAM,2672227.0,18987080266.0,16572.15,2713.093,44.285,3.172,0.0,0.414,1.793,3.172,96.828,640.0,4.64,7105.339578561253,1.7363794318371903
Jamaica,2005,JAM,2687070.0,19174940176.0,16972.453,2779.979,45.606,3.614,0.0,0.669,2.008,3.614,96.386,637.22,4.76,7136.003221352626,1.7714462220932092
Jamaica,2006,JAM,2700973.0,19747242374.0,19292.854,2776.777,52.109,3.733,0.0,0.667,2.133,3.733,96.267,636.0,4.77,7311.1587468664075,1.7660302416943818
Jamaica,2007,JAM,2713808.0,20046356418.0,19579.225,2233.025,53.134,4.95,0.0,0.825,2.64,4.95,95.05,628.71,3.81,7386.799809713878,1.4039313024355444
Jamaica,2008,JAM,2725633.0,19893168382.0,16516.637,1551.933,45.018,6.147,0.0,1.182,3.783,6.147,93.853,619.39,2.62,7298.549871534429,0.9612445989610486
Jamaica,2009,JAM,2737001.0,19223460566.0,13012.702,1607.599,35.616,7.5,0.0,1.364,3.182,7.5,92.5,615.91,2.71,7023.548974223977,0.9901348227494253
Jamaica,2010,JAM,2748573.0,18949004011.0,11906.095,1571.725,32.725,7.639,0.0,1.157,3.472,7.639,92.361,615.74,2.66,6894.124336883176,0.9677749144738016
Jamaica,2011,JAM,2760493.0,19220287418.0,12538.882,1579.428,34.613,8.716,0.0,2.064,3.44,8.716,91.284,607.8,2.65,6962.62856598441,0.9599734540170903
Jamaica,2012,JAM,2772432.0,19123987392.0,11726.472,1554.592,32.511,10.209,0.0,2.552,3.48,10.209,89.791,600.93,2.59,6897.910351633512,0.934197845068878
Jamaica,2013,JAM,2783689.0,19166827044.0,12705.904,1541.12,35.369,9.324,0.0,2.797,2.797,9.324,90.676,603.73,2.59,6885.405317907281,0.9304200289615686
Jamaica,2014,JAM,2793756.0,19277035737.0,12441.397,1524.829,34.758,9.859,0.235,2.817,3.286,9.859,90.141,600.94,2.56,6900.04271561296,0.9163291282416932
Jamaica,2015,JAM,2802536.0,19444553127.0,12817.113,1527.188,35.92,10.28,0.234,3.037,3.037,10.28,89.72,600.47,2.57,6938.1992334799625,0.9170265787843581
Jamaica,2016,JAM,2809919.0,19735837824.0,13239.611,1597.911,37.202,12.249,0.223,4.677,2.673,12.249,87.751,587.97,2.64,7023.632291179923,0.9395288618639898
Jamaica,2017,JAM,2815765.0,19869841700.0,11680.155,1555.528,32.889,11.644,0.913,5.708,3.425,11.644,88.356,579.91,2.54,7056.640628745652,0.9020639151349633
Jamaica,2018,JAM,2820103.0,20232863013.0,13204.306,1404.204,37.238,14.646,1.263,7.576,4.545,14.646,85.354,558.08,2.21,7174.512070303816,0.7836593202446861
Jamaica,2019,JAM,2823275.0,20429119874.0,14605.562,1643.481,41.236,12.716,1.94,5.819,3.448,12.716,87.284,571.12,2.65,7235.9652793298565,0.9386262408019056
Jamaica,2020,JAM,2830745.0,18402554628.0,10243.102,1511.969,28.996,13.785,2.804,6.542,3.271,13.785,86.215,553.74,2.37,6500.958096896753,0.8372354274228163
Jamaica,2021,JAM,2837680.0,19249256856.0,11227.207,1532.942,31.859,13.333,2.989,5.977,3.218,13.333,86.667,556.32,2.42,6783.448752502044,0.8528093372050407
Jamaica,2022,JAM,2839150.0,20019224153.0,11773.948,1581.459,33.428,12.918,2.895,6.013,2.673,12.918,87.082,561.25,2.52,7051.132963386929,0.8875895954775197
Mexico,2000,MEX,98625553.0,1241194674661.0,17198.152,2064.576,1696.177,19.379,0.005,0.01,16.241,23.416,76.584,525.39,106.98,12584.919799243104,1.0847087468295362
Mexico,2001,MEX,100099101.0,1251502726420.0,16786.094,2100.119,1680.273,16.516,0.005,0.01,13.529,20.669,79.331,543.91,114.34,12502.637025880982,1.1422680009883406
Mexico,2002,MEX,101548627.0,1275458026881.0,16948.551,2124.401,1721.102,14.351,0.005,0.009,11.524,18.871,81.129,553.42,119.39,12560.071608658973,1.1756929022782356
Mexico,2003,MEX,102978517.0,1306677417369.0,16915.814,2183.951,1741.966,11.93,0.004,0.009,8.826,16.598,83.402,570.17,128.23,12688.835064200817,1.2452111735110731
Mexico,2004,MEX,104394131.0,1373060298988.0,17662.844,2254.82,1843.897,13.794,0.004,0.008,10.697,17.698,82.302,553.93,130.39,13152.657968751137,1.2490165754624654
Mexico,2005,MEX,105811504.0,1427140428046.0,19092.096,2343.507,2020.163,14.469,0.004,0.008,11.175,18.825,81.175,555.83,137.83,13487.573412112166,1.3025993846567006
Mexico,2006,MEX,107253666.0,1510732401129.0,19108.301,2389.196,2049.435,14.829,0.004,0.02,11.883,19.071,80.929,546.81,140.12,14085.601522739558,1.3064355301384292
Mexico,2007,MEX,108774356.0,1572479287017.0,19017.145,2420.24,2068.578,13.618,0.004,0.095,10.385,17.576,82.424,554.21,145.9,14456.341961859098,1.3413087915684834
Mexico,2008,MEX,110374286.0,1607479004533.0,19512.02,2439.789,2153.625,17.598,0.007,0.093,14.564,21.237,78.763,522.04,140.58,14563.890402271776,1.2736662233085705
Mexico,2009,MEX,111999720.0,1543820957956.0,18904.01,2390.72,2117.244,13.034,0.011,0.224,9.979,16.955,83.045,554.08,148.36,13784.150156411106,1.3246461687582791
Mexico,2010,MEX,113623898.0,1638271507559.0,18706.043,2425.282,2125.454,16.863,0.011,0.45,13.499,18.997,81.003,541.93,149.34,14418.370927205824,1.314336179524487
Mexico,2011,MEX,115243503.0,1716088331953.0,19279.93,2535.067,2221.887,15.721,0.014,0.565,12.415,19.175,80.825,539.79,157.7,14890.97682107945,1.3684068593437322
Mexico,2012,MEX,116818208.0,1774999946047.0,19191.277,2537.19,2241.891,14.528,0.024,1.245,10.746,17.487,82.513,550.26,163.09,15194.548661857576,1.3961008544147502
Mexico,2013,MEX,118343572.0,1803059285337.0,18952.084,2510.656,2242.857,13.503,0.037,1.407,9.41,17.474,82.526,546.82,162.47,15235.802459444101,1.3728671296147796
Mexico,2014,MEX,119784265.0,1854551091374.0,18621.592,2532.302,2230.574,17.684,0.073,2.12,12.821,20.875,79.125,525.6,159.43,15482.42660564808,1.3309761511664324
Mexico,2015,MEX,121072310.0,1916008739051.0,18215.734,2563.427,2205.421,15.543,0.064,2.819,9.953,19.274,80.726,533.9,165.7,15825.325700409945,1.3686036055643112
Mexico,2016,MEX,122251344.0,1961906742138.0,18618.848,2620.421,2276.179,15.29,0.078,3.24,9.374,18.589,81.411,537.6,172.22,16048.140478013886,1.4087370687720209
Mexico,2017,MEX,123400052.0,2007719438156.0,18879.297,2666.854,2329.706,15.43,0.362,3.227,9.383,18.737,81.263,533.68,175.63,16270.004798344817,1.4232570987895532
Mexico,2018,MEX,124573713.0,2051539127317.0,18337.242,2803.882,2284.338,15.815,0.919,3.562,9.227,19.694,80.306,523.92,183.0,16468.475394299276,1.4690097581020163
Mexico,2019,MEX,125762978.0,2047701179708.0,17971.641,2739.837,2260.167,16.687,2.891,4.855,6.849,19.935,80.065,525.73,181.15,16282.225598283781,1.4404080030611235
Mexico,2020,MEX,126799053.0,1880176557054.0,16329.474,2568.868,2070.562,21.297,4.863,6.048,8.234,24.729,75.271,484.05,157.67,14828.001570753057,1.2434635454256902
Mexico,2021,MEX,127648151.0,1973141022977.0,17223.479,2574.185,2198.545,24.983,6.144,6.412,10.566,28.61,71.39,456.25,149.92,15457.654556837255,1.1744784301654316
Mexico,2022,MEX,128613116.0,2033437602787.0,17858.697,2644.754,2296.863,24.439,5.98,6.036,10.454,27.629,72.371,464.38,157.96,15810.499473374084,1.2281795582963717
Nicaragua,2000,NIC,5022636.0,13909591678.0,3181.092,453.945,15.977,21.491,0.0,0.0,9.211,21.491,78.509,530.7,1.21,2769.380794865485,0.24090935516728668
Nicaragua,2001,NIC,5087827.0,14579899402.0,3275.757,485.472,16.666,19.838,0.0,0.0,7.692,19.838,80.162,538.46,1.33,2865.6437025079667,0.26140825936101997
Nicaragua,2002,NIC,5149914.0,14954188068.0,3245.818,495.154,16.716,25.098,0.0,0.0,11.765,25.098,74.902,513.73,1.31,2903.774328658692,0.2543731798239738
Nicaragua,2003,NIC,5210970.0,15599450900.0,3403.215,518.138,17.734,27.407,0.0,0.0,10.741,27.407,72.593,500.0,1.35,2993.579103314738,0.2590688489858894
Nicaragua,2004,NIC,5272909.0,16722815302.0,3533.965,532.913,18.634,28.114,0.0,0.0,11.388,28.114,71.886,498.22,1.4,3171.4591133660756,0.2655080905056393
Nicaragua,2005,NIC,5342108.0,17753885555.0,3518.621,535.369,18.797,35.664,0.0,0.0,15.035,35.664,64.336,454.55,1.3,3323.3857411718373,0.24334962902285015
Nicaragua,2006,NIC,5418857.0,18819405708.0,3523.339,577.613,19.092,30.032,0.0,0.0,9.904,30.032,69.968,488.82,1.53,3472.9474699184716,0.28234736587439013
Nicaragua,2007,NIC,5497247.0,20171035929.0,3652.414,582.11,20.078,28.75,0.0,0.0,9.375,28.75,71.25,500.0,1.6,3669.2977282992742,0.29105477705476945
Nicaragua,2008,NIC,5576597.0,21118480099.0,3468.996,602.518,19.345,35.417,0.0,0.0,15.774,35.417,64.583,452.38,1.52,3786.983369786269,0.27256766088709655
Nicaragua,2009,NIC,5656602.0,20900358446.0,3474.477,609.907,19.654,30.725,0.0,3.188,8.406,30.725,69.275,484.06,1.67,3694.8610572212788,0.2952302460028123
Nicaragua,2010,NIC,5737451.0,21950676457.0,3465.223,636.171,19.882,36.712,0.0,4.384,13.699,36.712,63.288,443.84,1.62,3825.858636004037,0.28235535257730304
Nicaragua,2011,NIC,5819051.0,23734874000.0,3623.915,654.746,21.088,33.858,0.0,5.512,11.549,33.858,66.142,461.94,1.76,4078.8221309625915,0.3024548160859906
Nicaragua,2012,NIC,5901290.0,25065728000.0,3512.634,682.902,20.729,42.68,0.0,8.189,10.422,42.68,57.32,409.43,1.65,4247.499783945545,0.27959988409313896
Nicaragua,2013,NIC,5983852.0,26206803000.0,3574.803,696.876,21.391,52.278,0.0,13.429,11.031,52.278,47.722,347.72,1.45,4379.587429635626,0.24231882740415372
Nicaragua,2014,NIC,6066493.0,27402565000.0,3700.044,735.186,22.446,53.812,0.0,19.058,8.969,53.812,46.188,338.57,1.51,4517.035625030804,0.24890822424092468
Nicaragua,2015,NIC,6149417.0,28748328000.0,4094.406,746.412,25.178,50.109,0.0,18.954,6.318,50.109,49.891,361.66,1.66,4674.968049816755,0.26994428902772405
Nicaragua,2016,NIC,6232664.0,29929662026.0,4045.38,736.443,25.213,52.288,0.0,15.904,9.368,52.288,47.712,348.58,1.6,4802.065701921361,0.2567120576369912
Nicaragua,2017,NIC,6316235.0,31179621906.0,3990.252,715.616,25.203,55.973,0.221,13.938,10.398,55.973,44.027,329.65,1.49,4936.425244785857,0.235900025885674
Nicaragua,2018,NIC,6400074.0,30002714290.0,2904.051,726.554,18.586,58.71,0.43,17.204,8.817,58.71,41.29,313.98,1.46,4687.869904316732,0.22812236233518549
Nicaragua,2019,NIC,6483660.0,29133575354.0,2988.323,706.391,19.375,56.987,0.655,15.939,5.022,56.987,43.013,334.06,1.53,4493.384192570245,0.23597782733826264
Nicaragua,2020,NIC,6565267.0,28619004754.0,2969.38,577.28,19.495,69.921,0.792,14.512,15.04,69.921,30.079,250.66,0.95,4359.153215550868,0.1447008933528522
Nicaragua,2021,NIC,6644745.0,31580275032.0,3228.125,633.583,21.45,69.121,0.713,15.677,14.252,69.121,30.879,261.28,1.1,4752.669219360562,0.16554435121287575
Nicaragua,2022,NIC,6730662.0,32764782125.0,3190.312,641.839,21.473,64.12,0.694,12.963,13.889,64.12,35.88,289.35,1.25,4867.988041146621,0.18571724445530022
Panama,2000,PAN,3010376.0,28706485449.0,20032.027,1624.382,60.304,70.348,0.0,0.0,69.939,70.348,29.652,210.63,1.03,9535.847166267602,0.34214995070383236
Panama,2001,PAN,3069545.0,28943056968.0,20579.553,1668.0,63.17,49.219,0.0,0.0,48.828,49.219,50.781,345.7,1.77,9429.103325737202,0.5766326931190127
Panama,2002,PAN,3129343.0,29668000666.0,19399.074,1690.451,60.706,64.65,0.0,0.0,64.272,64.65,35.35,247.64,1.31,9480.58447603858,0.4186182211409871
Panama,2003,PAN,3189813.0,31009621095.0,19575.773,1746.184,62.443,50.987,0.0,0.0,50.628,50.987,49.013,335.73,1.87,9721.45423415103,0.5862412624188315
Panama,2004,PAN,3251158.0,33428600750.0,19062.01,1771.677,61.974,65.972,0.0,0.0,65.625,65.972,34.028,239.58,1.38,10282.059730717487,0.42446414477549227
Panama,2005,PAN,3313024.0,35933065263.0,18729.881,1756.703,62.053,64.261,0.0,0.0,63.918,64.261,35.739,250.86,1.46,10846.002100497913,0.44068500560213264
Panama,2006,PAN,3375024.0,39099565107.0,20216.604,1771.839,68.232,60.201,0.0,0.0,59.866,60.201,39.799,277.59,1.66,11584.973945963051,0.4918483542635549
Panama,2007,PAN,3437490.0,43958183203.0,18597.801,1879.278,63.93,57.74,0.0,0.0,57.43,57.74,42.26,292.57,1.89,12787.872314683098,0.5498197812939092
Panama,2008,PAN,3500646.0,47885663330.0,21616.078,1836.804,75.67,62.053,0.0,0.0,61.742,62.053,37.947,264.39,1.7,13679.093324489251,0.48562465327828064
Panama,2009,PAN,3564383.0,48772972500.0,20571.918,1938.624,73.326,56.729,0.0,0.0,56.44,56.729,43.271,298.12,2.06,13683.426416297014,0.5779401371850332
Panama,2010,PAN,3628537.0,51741885375.0,23041.707,2033.878,83.608,57.046,0.0,0.0,56.775,57.046,42.954,296.75,2.19,14259.710008468977,0.6035490336739022
Panama,2011,PAN,3693509.0,57996520000.0,22911.555,2117.228,84.624,52.685,0.0,0.0,52.43,52.685,47.315,336.32,2.63,15702.282030448552,0.7120599949803831
Panama,2012,PAN,3759261.0,63359010000.0,24667.205,2290.344,92.73,62.95,0.0,0.0,62.602,62.95,37.05,276.42,2.38,16854.113082331874,0.6331031551147951
Panama,2013,PAN,3825333.0,67546261000.0,23914.467,2339.666,91.481,57.877,0.0,0.0,57.542,57.877,42.123,307.26,2.75,17657.61595134332,0.7188916625036303
Panama,2014,PAN,3892100.0,71636840000.0,24101.709,2389.456,93.806,55.806,0.108,1.29,54.086,55.806,44.194,320.43,2.98,18405.70386166851,0.7656535032501735
Panama,2015,PAN,3960034.0,75784011000.0,25493.6,2600.988,100.956,65.34,0.194,4.078,60.777,65.34,34.66,258.25,2.66,19137.21220575379,0.6717114044980421
Panama,2016,PAN,4029085.0,79454188125.0,26459.42,2700.365,106.607,66.636,0.643,5.79,59.926,66.636,33.364,247.24,2.69,19720.15684082118,0.6676453835051879
Panama,2017,PAN,4098704.0,83812229677.0,27922.566,2693.534,114.446,71.83,1.449,4.438,65.67,71.83,28.17,205.62,2.27,20448.470950085684,0.5538336020361558
Panama,2018,PAN,4167860.0,86820962356.0,26785.832,2687.23,111.64,77.768,2.054,5.268,70.179,77.768,22.232,169.64,1.9,20831.06494843877,0.45586943899267246
Panama,2019,PAN,4234698.0,89670319909.0,29537.387,2748.72,125.082,52.749,2.491,6.186,43.814,52.749,47.251,325.6,3.79,21175.139268254785,0.8949870805426976
Panama,2020,PAN,4293258.0,73827064971.0,19829.697,2548.181,85.134,75.686,2.925,5.302,67.185,75.686,24.314,180.99,1.98,17196.04667853644,0.46118821650131436
Panama,2021,PAN,4345410.0,85518149482.0,21334.693,2786.849,92.708,78.365,4.872,4.377,68.869,78.365,21.635,161.85,1.96,19680.110618330607,0.45105064884556345
Panama,2022,PAN,4400775.0,94762119668.0,23285.066,2783.601,102.472,77.224,5.714,4.735,66.286,77.224,22.776,168.98,2.07,21533.052625503464,0.4703716958944731
Paraguay,2000,PRY,5100875.0,26799187738.0,3894.232,10486.437,19.864,100.0,0.0,0.0,100.0,100.0,0.0,23.74,1.27,5253.84129938491,0.2489768912196437
Paraguay,2001,PRY,5187690.0,27438613750.0,3921.103,8736.065,20.341,100.0,0.0,0.0,100.0,100.0,0.0,23.83,1.08,5289.177601205932,0.20818514598983362
Paraguay,2002,PRY,5261334.0,31664872141.0,4077.271,9163.075,21.452,100.0,0.0,0.0,100.0,100.0,0.0,23.85,1.15,6018.411327051276,0.218575745238755
Paraguay,2003,PRY,5326437.0,33135448282.0,4163.81,9719.443,22.178,100.0,0.0,0.0,100.0,100.0,0.0,23.76,1.23,6220.940617902736,0.23092359864577391
Paraguay,2004,PRY,5388181.0,34591080511.0,4196.23,9637.761,22.61,100.0,0.0,0.0,100.0,100.0,0.0,23.69,1.23,6419.806704897255,0.22827740938917976
Paraguay,2005,PRY,5448100.0,35443580706.0,4012.839,9392.265,21.862,100.0,0.0,0.0,100.0,100.0,0.0,23.84,1.22,6505.677338154586,0.2239312787944421
Paraguay,2006,PRY,5505145.0,37261533412.0,4308.261,9767.227,23.718,100.0,0.0,0.0,100.0,100.0,0.0,23.81,1.28,6768.492639521756,0.23250977040568416
Paraguay,2007,PRY,5559385.0,39406021841.0,4481.345,9661.141,24.914,100.0,0.0,0.0,100.0,100.0,0.0,23.83,1.28,7088.198036473459,0.23024129467558013
Paraguay,2008,PRY,5613577.0,42050621581.0,4646.667,9879.618,26.084,100.0,0.0,0.0,100.0,100.0,0.0,23.8,1.32,7490.878201367862,0.23514418703083614
Paraguay,2009,PRY,5671243.0,40509009629.0,4823.377,9687.471,27.355,100.0,0.0,0.0,100.0,100.0,0.0,23.84,1.31,7142.880252001192,0.23098992584165412
Paraguay,2010,PRY,5737973.0,45961696292.0,5318.618,9421.445,30.518,100.0,0.0,0.0,100.0,100.0,0.0,23.68,1.28,8010.092813612055,0.22307529157073414
Paraguay,2011,PRY,5814632.0,48113309093.0,5436.107,9909.483,31.609,100.0,0.0,0.0,100.0,100.0,0.0,23.78,1.37,8274.523494006156,0.23561250307844075
Paraguay,2012,PRY,5897011.0,47772664940.0,5757.479,10213.648,33.952,100.0,0.0,0.0,100.0,100.0,0.0,23.74,1.43,8101.1659873111985,0.2424957321599027
Paraguay,2013,PRY,5982447.0,51734453611.0,5759.684,10114.59,34.457,100.0,0.0,0.0,99.785,100.0,0.0,24.13,1.46,8647.707804348287,0.2440472936910264
Paraguay,2014,PRY,6069819.0,54476893712.0,5999.334,9132.068,36.415,99.982,0.0,0.0,99.729,99.982,0.018,24.36,1.35,8975.044183689826,0.22241190388049464
Paraguay,2015,PRY,6159106.0,56087783311.0,6838.798,9074.369,42.121,100.0,0.0,0.0,99.732,100.0,0.0,24.16,1.35,9106.481250850367,0.21918765483172398
Paraguay,2016,PRY,6249129.0,58481604773.0,7659.005,10231.826,47.862,100.0,0.0,0.0,99.734,100.0,0.0,24.4,1.56,9358.360944861275,0.24963478910420955
Paraguay,2017,PRY,6338658.0,61294571103.0,7744.288,9437.329,49.088,100.0,0.0,0.0,99.766,100.0,0.0,24.24,1.45,9669.960282286882,0.22875504562637708
Paraguay,2018,PRY,6427382.0,63258456042.0,8063.859,9232.375,51.83,100.0,0.0,0.0,99.781,100.0,0.0,24.27,1.44,9842.025266585992,0.22404145264743872
Paraguay,2019,PRY,6515059.0,63004153609.0,7898.018,7611.597,51.456,100.0,0.0,0.0,99.718,100.0,0.0,24.2,1.2,9670.542294244764,0.18418866199062817
Paraguay,2020,PRY,6603741.0,62487519891.0,7560.656,7061.149,49.929,100.0,0.0,0.0,99.442,100.0,0.0,24.88,1.16,9462.442559603716,0.17565800960395025
Paraguay,2021,PRY,6684184.0,64997640183.0,8164.098,6109.945,54.57,100.0,0.0,0.0,99.339,100.0,0.0,24.98,1.02,9724.094995439982,0.15259903078670486
Paraguay,2022,PRY,6760460.0,65127634644.0,7732.66,6524.704,52.276,100.0,0.0,0.0,99.456,100.0,0.0,24.71,1.09,9633.609938376974,0.1612316321670419
Peru,2000,PER,26598328.0,128561599053.0,5540.167,748.919,147.359,81.978,0.0,0.0,81.175,81.978,18.022,141.06,2.81,4833.4466381871825,0.10564573833362759
Peru,2001,PER,26964610.0,130005019162.0,5417.318,770.269,146.076,85.556,0.0,0.0,84.786,85.556,14.444,117.96,2.45,4821.3202105278,0.09085983442742174
Peru,2002,PER,27288211.0,137911092694.0,5481.374,805.842,149.577,82.901,0.0,0.0,82.037,82.901,17.099,139.15,3.06,5053.870797686224,0.11213633609033585
Peru,2003,PER,27580485.0,144583674826.0,5354.208,831.385,147.672,81.683,0.0,0.0,80.811,81.683,18.317,145.66,3.34,5242.245552462185,0.12110011843519068
Peru,2004,PER,27852190.0,152840586065.0,5651.12,870.668,157.396,72.866,0.0,0.0,72.247,72.866,27.134,200.0,4.85,5487.560800963945,0.17413352415016556
Peru,2005,PER,28101175.0,163489485317.0,5826.442,907.435,163.73,72.275,0.0,0.0,70.902,72.275,27.725,200.0,5.1,5817.887875400228,0.18148707304943654
Peru,2006,PER,28324488.0,176775277493.0,5846.282,965.949,165.593,73.282,0.0,0.0,72.003,73.282,26.718,192.98,5.28,6241.075831379547,0.18641113654022626
Peru,2007,PER,28530704.0,192942634714.0,6318.965,1049.045,180.285,66.722,0.0,0.0,65.319,66.722,33.278,229.54,6.87,6762.631399281279,0.24079321701981135
Peru,2008,PER,28719038.0,211009673563.0,6777.529,1129.216,194.644,60.13,0.0,0.0,58.711,60.13,39.87,269.2,8.73,7347.37958712266,0.3039795413760029
Peru,2009,PER,28896819.0,212830474173.0,6867.194,1139.226,198.44,60.601,0.0,0.0,59.204,60.601,39.399,265.19,8.73,7365.186949227872,0.30210937750622313
Peru,2010,PER,29086021.0,230353256282.0,7745.521,1233.926,225.286,57.704,0.0,0.0,55.837,57.704,42.296,283.09,10.16,7919.723921054722,0.34930869368484607
Peru,2011,PER,29304083.0,244711917914.0,8481.961,1338.721,248.556,56.768,0.0,0.0,55.034,56.768,43.232,286.52,11.24,8350.778897056769,0.38356429716637097
Peru,2012,PER,29550367.0,259737230567.0,8687.723,1352.267,256.725,55.255,0.15,0.0,53.428,55.255,44.745,297.55,11.89,8789.644831382297,0.4023638691187829
Peru,2013,PER,29817908.0,274939626306.0,8806.167,1459.19,262.581,53.942,0.46,0.0,51.276,53.942,46.058,304.99,13.27,9220.620920354306,0.4450345745248124
Peru,2014,PER,30115825.0,281488723310.0,8926.504,1518.471,268.829,52.373,0.437,0.569,48.546,52.373,47.627,309.64,14.16,9346.870733576117,0.47018469525573353
Peru,2015,PER,30457598.0,290642734598.0,9247.921,1584.826,281.669,52.724,0.476,1.243,49.12,52.724,47.276,305.78,14.76,9542.536302370265,0.4846081427694987
Peru,2016,PER,30866497.0,302131843581.0,9684.865,1672.687,298.938,50.397,0.465,2.053,46.794,50.397,49.603,320.94,16.57,9788.342473102795,0.5368280048105232
Peru,2017,PER,31324639.0,309742529723.0,9691.741,1682.701,303.59,58.604,0.55,2.03,55.132,58.604,41.396,271.49,14.31,9888.143634249065,0.45682888795621873
Peru,2018,PER,31897590.0,322061010919.0,9982.715,1712.355,318.425,61.131,1.373,2.746,56.243,61.131,38.869,252.84,13.81,10096.719248037234,0.43294806911744743
Peru,2019,PER,32449302.0,329252610797.0,10064.474,1752.58,326.585,60.542,1.372,2.901,55.302,60.542,39.458,256.73,14.6,10146.677755872839,0.4499326364554775
Peru,2020,PER,32838577.0,292988745490.0,8766.572,1613.651,287.882,63.484,1.491,3.416,57.558,63.484,36.516,239.67,12.7,8922.090183444916,0.3867402658769288
Peru,2021,PER,33155883.0,332691638600.0,9877.367,1718.85,327.493,61.572,1.404,3.194,55.957,61.572,38.428,250.92,14.3,10034.166141797521,0.4312960086148211
Peru,2022,PER,33475436.0,341677633395.0,10099.025,1789.372,338.069,55.242,1.402,3.222,49.633,55.242,44.758,287.81,17.24,10206.81652645241,0.5150044946389943
Puerto Rico,2000,PRI,3809868.0,104392661189.0,33881.172,5735.107,129.083,0.686,0.0,0.0,0.686,0.686,99.313,657.21,14.36,27400.5979180906,3.76915945644311
Puerto Rico,2001,PRI,3813009.0,112725609474.0,36863.539,5851.022,140.561,0.583,0.0,0.0,0.583,0.583,99.417,655.76,14.63,29563.426017090438,3.836864796280313
Puerto Rico,2002,PRI,3810715.0,115553684281.0,37881.766,6077.6,144.357,0.475,0.0,0.0,0.475,0.475,99.525,664.08,15.38,30323.360388011173,4.035987997003187
Puerto Rico,2003,PRI,3806043.0,117412676578.0,39487.387,6284.743,150.291,0.418,0.0,0.0,0.418,0.418,99.582,684.78,16.38,30849.014732098403,4.303682328339432
Puerto Rico,2004,PRI,3798659.0,122888176607.0,40848.758,6357.506,155.171,0.58,0.0,0.0,0.58,0.58,99.42,685.3,16.55,32350.410133418136,4.356800649913562
Puerto Rico,2005,PRI,3788412.0,122355753761.0,39673.113,6588.512,150.298,0.561,0.0,0.0,0.561,0.561,99.439,684.3,17.08,32297.372556363985,4.5084853495343165
Puerto Rico,2006,PRI,3776220.0,122502584394.0,36137.738,6612.432,136.464,0.561,0.0,0.0,0.561,0.561,99.439,689.23,17.21,32440.531641164973,4.5574675204304835
Puerto Rico,2007,PRI,3763089.0,122989548931.0,34984.703,6558.442,131.651,0.648,0.0,0.0,0.648,0.648,99.352,689.22,17.01,32683.135830962277,4.520222614984657
Puerto Rico,2008,PRI,3749130.0,122623981902.0,32871.168,6201.439,123.238,0.688,0.0,0.0,0.688,0.688,99.312,690.32,16.05,32707.31660465228,4.280993190420178
Puerto Rico,2009,PRI,3735014.0,122136555251.0,30873.604,6168.652,115.313,0.738,0.0,0.0,0.738,0.738,99.262,688.37,15.86,32700.427696121085,4.2463026912348925
Puerto Rico,2010,PRI,3714834.0,123553432914.0,26313.107,6258.691,97.749,0.688,0.0,0.0,0.688,0.688,99.312,686.02,15.95,33259.47617417091,4.293596968262915
Puerto Rico,2011,PRI,3683711.0,125016099000.0,28745.928,6042.819,105.892,0.674,0.0,0.0,0.674,0.674,99.326,691.38,15.39,33937.5426030978,4.177852171356548
Puerto Rico,2012,PRI,3646423.0,125060220000.0,30611.012,6115.582,111.621,0.538,0.09,0.045,0.404,0.538,99.462,687.44,15.33,34296.6847236319,4.204120037636884
Puerto Rico,2013,PRI,3606773.0,124667504000.0,27153.611,5955.462,97.937,1.35,0.186,0.791,0.372,1.35,98.65,684.82,14.71,34564.83233072888,4.078437983205486
Puerto Rico,2014,PRI,3565367.0,122937258000.0,26141.912,5906.825,93.206,1.662,0.237,1.045,0.38,1.662,98.338,686.61,14.46,34480.95469554747,4.055683468209584
Puerto Rico,2015,PRI,3521811.0,122888632000.0,26456.928,5934.447,93.176,1.818,0.431,1.148,0.239,1.818,98.182,680.86,14.23,34893.59082585636,4.040534827110257
Puerto Rico,2016,PRI,3476008.0,121412919445.0,25075.623,5937.846,87.163,1.89,0.581,0.921,0.339,1.89,98.11,683.14,14.1,34928.8377486473,4.056377315587306
Puerto Rico,2017,PRI,3371878.0,118146530216.0,25098.611,4857.827,84.629,2.259,0.977,0.916,0.305,2.259,97.741,673.99,11.04,35038.79150313268,3.2741398117013722
Puerto Rico,2018,PRI,3290068.0,112643622488.0,25991.373,5376.789,85.513,2.657,1.752,0.622,0.226,2.657,97.343,671.57,11.88,34237.4754831815,3.6108676173258427
Puerto Rico,2019,PRI,3288027.0,114530476443.0,24425.918,5824.161,80.313,3.812,2.611,0.836,0.261,3.812,96.188,673.63,12.9,34832.58393042393,3.923325447145051
Puerto Rico,2020,PRI,3275800.0,109716979210.0,21308.352,5821.479,69.802,3.985,2.937,0.734,0.262,3.985,96.015,668.59,12.75,33493.18615605348,3.892179009707552
Puerto Rico,2021,PRI,3253210.0,110191669589.0,24091.275,5951.045,78.374,4.649,3.512,0.826,0.258,4.649,95.351,665.29,12.88,33871.67431214093,3.9591664847950185
Puerto Rico,2022,PRI,3240972.0,113895186748.0,22552.434,6140.133,73.092,5.377,4.271,0.804,0.251,5.377,94.623,660.3,13.14,35142.29272823091,4.054339253779422
Uruguay,2000,URY,3266212.0,42357504785.0,10486.714,2323.793,34.252,93.412,0.0,0.0,92.885,93.412,6.588,67.19,0.51,12968.388085341674,0.15614418170039177
Uruguay,2001,URY,3274257.0,40598224745.0,10399.644,2825.068,34.051,99.784,0.0,0.0,99.351,99.784,0.216,25.95,0.24,12399.217515607357,0.07329907212537073
Uruguay,2002,URY,3278868.0,37250866884.0,8588.449,2927.84,28.16,99.687,0.0,0.0,99.271,99.687,0.312,27.08,0.26,11360.89250436431,0.07929565935560688
Uruguay,2003,URY,3281188.0,37483201754.0,9268.076,2614.906,30.41,99.883,0.0,0.0,99.417,99.883,0.117,25.64,0.22,11423.667816047115,0.06704888595228313
Uruguay,2004,URY,3283157.0,39270203111.0,11003.951,1797.051,36.128,81.695,0.0,0.0,81.017,81.695,18.305,140.68,0.83,11961.110331001533,0.25280545523713915
Uruguay,2005,URY,3285776.0,41988118660.0,10970.989,2337.347,36.048,87.5,0.0,0.0,86.979,87.5,12.5,104.17,0.8,12778.752617342145,0.2434736877985596
Uruguay,2006,URY,3289508.0,43608062782.0,11458.062,1693.262,37.691,64.632,0.0,0.0,63.734,64.632,35.368,249.55,1.39,13256.712791700156,0.42255559190006525
Uruguay,2007,URY,3295155.0,46197426762.0,11381.613,2846.604,37.504,86.994,0.0,0.0,85.501,86.994,13.006,108.74,1.02,14019.8038520191,0.3095453779867715
Uruguay,2008,URY,3302184.0,49265998696.0,14413.735,2655.818,47.597,61.231,0.0,0.0,51.311,61.231,38.769,289.62,2.54,14919.216705065495,0.7691879071547799
Uruguay,2009,URY,3310093.0,50291695148.0,14728.558,2619.262,48.753,68.166,0.0,0.461,58.362,68.166,31.834,243.37,2.11,15193.438718489178,0.637444325582393
Uruguay,2010,URY,3318581.0,54642867455.0,13576.062,3236.323,45.053,89.199,0.0,0.652,78.305,89.199,10.801,111.73,1.2,16465.732629397928,0.36160033460084295
Uruguay,2011,URY,3326829.0,57427770581.0,14446.414,3108.065,48.061,74.662,0.0,1.064,62.669,74.662,25.338,204.06,2.11,17262.0145432783,0.634237587805084
Uruguay,2012,URY,3335406.0,59459565927.0,15106.379,3178.024,50.386,64.623,0.0,1.038,51.132,64.623,35.377,272.64,2.89,17826.785083135306,0.8664612344044474
Uruguay,2013,URY,3345335.0,62217298965.0,14380.91,3485.451,48.109,84.134,0.0,1.201,70.412,84.134,15.866,149.23,1.74,18598.226774000213,0.5201272817221594
Uruguay,2014,URY,3356343.0,64232518554.0,13823.321,3867.304,46.396,94.761,0.0,5.624,74.345,94.761,5.239,85.52,1.11,19137.650280081623,0.33071709297887614
Uruguay,2015,URY,3368022.0,64470831197.0,14522.445,4079.546,48.912,93.159,0.364,15.066,60.189,93.159,6.841,98.98,1.36,19142.04574584133,0.40379783742505243
Uruguay,2016,URY,3379279.0,65560386931.0,14546.091,4104.426,49.155,96.828,1.081,21.557,56.525,96.828,3.172,74.98,1.04,19400.702614670172,0.3077579566528837
Uruguay,2017,URY,3388444.0,66627711123.0,13547.438,4234.982,45.905,98.467,1.882,26.272,52.404,98.467,1.533,64.81,0.93,19663.217430478413,0.27446226055381173
Uruguay,2018,URY,3394538.0,66946183643.0,13547.212,4303.973,45.987,97.536,2.806,32.375,44.901,97.536,2.464,69.13,1.01,19721.736402126004,0.2975368076598347
Uruguay,2019,URY,3397206.0,67180494669.0,14307.822,4730.358,48.607,98.258,2.614,29.558,50.467,98.258,1.742,60.98,0.98,19775.219597810672,0.2884723505139223
Uruguay,2020,URY,3398966.0,63072414563.0,12850.293,3992.391,43.678,94.031,3.39,40.383,30.14,94.031,5.969,94.33,1.28,18556.35348014661,0.3765851144142071
Uruguay,2021,URY,3396693.0,65848852721.0,13325.694,4707.52,45.263,84.615,3.002,31.207,32.958,84.615,15.385,150.72,2.41,19386.1655206991,0.7095136357627846
Uruguay,2022,URY,3390913.0,69066228178.0,13986.177,4382.3,47.426,90.781,3.365,32.167,38.291,90.781,9.219,110.36,1.64,20368.03308666427,0.4836455550466791
Venezuela,2000,VEN,24526707.0,330236189305.0,31476.391,3476.618,772.012,73.754,0.0,0.0,73.754,73.754,26.246,212.74,18.14,13464.350893293584,0.7396019367785491
Venezuela,2001,VEN,24979934.0,343312598582.0,32706.316,3607.295,817.002,67.074,0.0,0.0,67.074,67.074,32.926,261.57,23.57,13743.535054255948,0.943557336860858
Venezuela,2002,VEN,25435674.0,314003719638.0,32074.699,3611.07,815.842,64.812,0.0,0.0,64.812,64.812,35.188,274.14,25.18,12345.012742261126,0.9899482121055649
Venezuela,2003,VEN,25892710.0,291333920302.0,28348.32,3551.192,734.015,65.829,0.0,0.0,65.829,65.829,34.171,263.73,24.25,11251.580862026416,0.93655704636556
Venezuela,2004,VEN,26340843.0,346317458927.0,31015.098,3741.338,816.964,71.101,0.0,0.0,71.101,71.101,28.899,228.62,22.53,13147.546527914843,0.8553257008517154
Venezuela,2005,VEN,26785797.0,383570387195.0,31702.852,3934.548,849.186,73.28,0.0,0.0,73.28,73.28,26.72,211.22,22.26,14319.916902043273,0.8310374337564047
Venezuela,2006,VEN,27224691.0,423878563812.0,34305.898,4055.877,933.967,73.9,0.0,0.0,73.9,73.9,26.1,207.21,22.88,15569.637275662742,0.8404135789824024
Venezuela,2007,VEN,27649369.0,462276737389.0,35286.969,4130.655,975.662,72.726,0.0,0.0,72.726,72.726,27.274,217.67,24.86,16719.250894622586,0.8991163595812982
Venezuela,2008,VEN,28053694.0,488287068325.0,35657.379,4252.56,1000.321,72.791,0.0,0.0,72.791,72.791,27.209,215.68,25.73,17405.446438711424,0.9171697673753766
Venezuela,2009,VEN,28438296.0,474358611901.0,35542.992,4204.542,1010.782,71.891,0.0,0.0,71.891,71.891,28.109,222.13,26.56,16680.27549544459,0.9339518795359609
Venezuela,2010,VEN,28813101.0,477591738082.0,33214.375,3948.204,957.009,67.493,0.0,0.0,67.493,67.493,32.507,252.02,28.67,16575.50633241455,0.9950334745295204
Venezuela,2011,VEN,29185220.0,502688619769.0,34603.77,4041.772,1009.919,70.931,0.0,0.0,70.931,70.931,29.069,227.11,26.79,17224.081907520314,0.9179303770881289
Venezuela,2012,VEN,29553829.0,530969916373.0,35695.152,4341.569,1054.928,63.954,0.0,0.039,63.916,63.954,36.046,279.87,35.91,17966.19708305817,1.215070981157805
Venezuela,2013,VEN,29912195.0,538100828642.0,34668.449,4517.556,1037.009,61.889,0.0,0.067,61.822,61.889,38.111,297.79,40.24,17989.346105894267,1.3452707165087685
Venezuela,2014,VEN,30254080.0,517147151484.0,33490.961,3808.743,1013.238,55.871,0.0,0.078,55.793,55.871,44.129,341.49,39.35,17093.468103607844,1.3006510196310712
Venezuela,2015,VEN,30573968.0,484975458402.0,31703.463,4170.868,969.301,58.814,0.008,0.071,58.736,58.814,41.186,318.93,40.67,15862.365604686967,1.3302166078017745
Venezuela,2016,VEN,30765719.0,402335647692.0,28931.045,3800.984,890.084,53.925,0.009,0.077,53.84,53.925,46.075,356.76,41.72,13077.401106471785,1.356054769921028
Venezuela,2017,VEN,30565331.0,339285602968.0,28560.934,3396.005,872.974,58.391,0.01,0.087,58.295,58.391,41.609,320.81,33.3,11100.341199249568,1.089469634730931
Venezuela,2018,VEN,29807591.0,272599019803.0,24419.027,3345.121,727.872,58.369,0.01,0.04,58.319,58.369,41.631,320.93,32.0,9145.288520732856,1.0735520357884674
Venezuela,2019,VEN,28938096.0,197170883456.0,22702.531,2942.488,656.968,58.379,0.012,0.07,58.297,58.379,41.621,320.85,27.32,6813.540305346973,0.9440842272414882
Venezuela,2020,VEN,28444080.0,138029481377.0,18557.822,2830.466,527.86,77.68,0.012,0.025,77.643,77.68,22.32,184.57,14.86,4852.661129380876,0.5224285686160354
Venezuela,2021,VEN,28237830.0,138656126606.0,21392.791,2936.84,604.086,79.235,0.012,0.024,79.199,79.235,20.764,174.24,14.45,4910.296811263472,0.5117248740430833
Venezuela,2022,VEN,28213015.0,149682062815.0,22898.904,2919.22,646.047,78.363,0.012,0.024,78.327,78.363,21.637,180.43,14.86,5305.425982122081,0.5267072661323152
